alg;instance;enc;final_fit
apso;lop/N-be75eec;alg;233173
apso;lop/N-be75eec;alg;233320
apso;lop/N-be75eec;alg;233486
apso;lop/N-be75eec;alg;233552
apso;lop/N-be75eec;alg;233677
apso;lop/N-be75eec;alg;233787
apso;lop/N-be75eec;alg;233792
apso;lop/N-be75eec;alg;233813
apso;lop/N-be75eec;alg;233835
apso;lop/N-be75eec;alg;233864
apso;lop/N-be75eec;alg;233893
apso;lop/N-be75eec;alg;233915
apso;lop/N-be75eec;alg;234002
apso;lop/N-be75eec;alg;234188
apso;lop/N-be75eec;alg;234384
apso;lop/N-be75eec;alg;234495
apso;lop/N-be75eec;alg;234521
apso;lop/N-be75eec;alg;234717
apso;lop/N-be75eec;alg;234785
apso;lop/N-be75eec;alg;234888
apso-b;lop/N-be75eec;alg;229438
apso-b;lop/N-be75eec;alg;229969
apso-b;lop/N-be75eec;alg;230250
apso-b;lop/N-be75eec;alg;232951
apso-b;lop/N-be75eec;alg;233367
apso-b;lop/N-be75eec;alg;233504
apso-b;lop/N-be75eec;alg;233648
apso-b;lop/N-be75eec;alg;233846
apso-b;lop/N-be75eec;alg;233885
apso-b;lop/N-be75eec;alg;233898
apso-b;lop/N-be75eec;alg;233936
apso-b;lop/N-be75eec;alg;234046
apso-b;lop/N-be75eec;alg;234087
apso-b;lop/N-be75eec;alg;234120
apso-b;lop/N-be75eec;alg;234228
apso-b;lop/N-be75eec;alg;234354
apso-b;lop/N-be75eec;alg;234364
apso-b;lop/N-be75eec;alg;234421
apso-b;lop/N-be75eec;alg;234951
apso-b;lop/N-be75eec;alg;235206
apso-bi;lop/N-be75eec;alg;234662
apso-bi;lop/N-be75eec;alg;234677
apso-bi;lop/N-be75eec;alg;234738
apso-bi;lop/N-be75eec;alg;234750
apso-bi;lop/N-be75eec;alg;234767
apso-bi;lop/N-be75eec;alg;234893
apso-bi;lop/N-be75eec;alg;234963
apso-bi;lop/N-be75eec;alg;234987
apso-bi;lop/N-be75eec;alg;235071
apso-bi;lop/N-be75eec;alg;235125
apso-bi;lop/N-be75eec;alg;235127
apso-bi;lop/N-be75eec;alg;235224
apso-bi;lop/N-be75eec;alg;235413
apso-bi;lop/N-be75eec;alg;235455
apso-bi;lop/N-be75eec;alg;235676
apso-bi;lop/N-be75eec;alg;235859
apso-bi;lop/N-be75eec;alg;236464
apso-bi;lop/N-be75eec;alg;236464
apso-bi;lop/N-be75eec;alg;236464
apso-bi;lop/N-be75eec;alg;236464
apso-i;lop/N-be75eec;alg;234220
apso-i;lop/N-be75eec;alg;234226
apso-i;lop/N-be75eec;alg;234309
apso-i;lop/N-be75eec;alg;234335
apso-i;lop/N-be75eec;alg;234366
apso-i;lop/N-be75eec;alg;234390
apso-i;lop/N-be75eec;alg;234660
apso-i;lop/N-be75eec;alg;234679
apso-i;lop/N-be75eec;alg;234850
apso-i;lop/N-be75eec;alg;234898
apso-i;lop/N-be75eec;alg;234923
apso-i;lop/N-be75eec;alg;234936
apso-i;lop/N-be75eec;alg;235017
apso-i;lop/N-be75eec;alg;235039
apso-i;lop/N-be75eec;alg;235153
apso-i;lop/N-be75eec;alg;235220
apso-i;lop/N-be75eec;alg;235225
apso-i;lop/N-be75eec;alg;235311
apso-i;lop/N-be75eec;alg;235524
apso-i;lop/N-be75eec;alg;236464
pso-rk;lop/N-be75eec;rk;221398
pso-rk;lop/N-be75eec;rk;221400
pso-rk;lop/N-be75eec;rk;221432
pso-rk;lop/N-be75eec;rk;221480
pso-rk;lop/N-be75eec;rk;221618
pso-rk;lop/N-be75eec;rk;221725
pso-rk;lop/N-be75eec;rk;221743
pso-rk;lop/N-be75eec;rk;222073
pso-rk;lop/N-be75eec;rk;222273
pso-rk;lop/N-be75eec;rk;222701
pso-rk;lop/N-be75eec;rk;222841
pso-rk;lop/N-be75eec;rk;222851
pso-rk;lop/N-be75eec;rk;222883
pso-rk;lop/N-be75eec;rk;223115
pso-rk;lop/N-be75eec;rk;223132
pso-rk;lop/N-be75eec;rk;223252
pso-rk;lop/N-be75eec;rk;223446
pso-rk;lop/N-be75eec;rk;223673
pso-rk;lop/N-be75eec;rk;223702
pso-rk;lop/N-be75eec;rk;224155
pso-rki;lop/N-be75eec;rk;227342
pso-rki;lop/N-be75eec;rk;227375
pso-rki;lop/N-be75eec;rk;227477
pso-rki;lop/N-be75eec;rk;227616
pso-rki;lop/N-be75eec;rk;228180
pso-rki;lop/N-be75eec;rk;228686
pso-rki;lop/N-be75eec;rk;228726
pso-rki;lop/N-be75eec;rk;228726
pso-rki;lop/N-be75eec;rk;228830
pso-rki;lop/N-be75eec;rk;228966
pso-rki;lop/N-be75eec;rk;229060
pso-rki;lop/N-be75eec;rk;229302
pso-rki;lop/N-be75eec;rk;229394
pso-rki;lop/N-be75eec;rk;229401
pso-rki;lop/N-be75eec;rk;229492
pso-rki;lop/N-be75eec;rk;229578
pso-rki;lop/N-be75eec;rk;229579
pso-rki;lop/N-be75eec;rk;229708
pso-rki;lop/N-be75eec;rk;229849
pso-rki;lop/N-be75eec;rk;229999
apso;lop/N-stabu74;alg;524667
apso;lop/N-stabu74;alg;525331
apso;lop/N-stabu74;alg;525778
apso;lop/N-stabu74;alg;526234
apso;lop/N-stabu74;alg;527350
apso;lop/N-stabu74;alg;527518
apso;lop/N-stabu74;alg;528214
apso;lop/N-stabu74;alg;528519
apso;lop/N-stabu74;alg;528870
apso;lop/N-stabu74;alg;529052
apso;lop/N-stabu74;alg;529252
apso;lop/N-stabu74;alg;529960
apso;lop/N-stabu74;alg;530347
apso;lop/N-stabu74;alg;532261
apso;lop/N-stabu74;alg;532787
apso;lop/N-stabu74;alg;532857
apso;lop/N-stabu74;alg;533147
apso;lop/N-stabu74;alg;533244
apso;lop/N-stabu74;alg;535874
apso;lop/N-stabu74;alg;536212
apso-b;lop/N-stabu74;alg;514541
apso-b;lop/N-stabu74;alg;514627
apso-b;lop/N-stabu74;alg;517215
apso-b;lop/N-stabu74;alg;520194
apso-b;lop/N-stabu74;alg;521379
apso-b;lop/N-stabu74;alg;521961
apso-b;lop/N-stabu74;alg;522190
apso-b;lop/N-stabu74;alg;522784
apso-b;lop/N-stabu74;alg;523540
apso-b;lop/N-stabu74;alg;524724
apso-b;lop/N-stabu74;alg;526675
apso-b;lop/N-stabu74;alg;526765
apso-b;lop/N-stabu74;alg;528308
apso-b;lop/N-stabu74;alg;529152
apso-b;lop/N-stabu74;alg;529532
apso-b;lop/N-stabu74;alg;530101
apso-b;lop/N-stabu74;alg;530469
apso-b;lop/N-stabu74;alg;532848
apso-b;lop/N-stabu74;alg;536467
apso-b;lop/N-stabu74;alg;536750
apso-bi;lop/N-stabu74;alg;533176
apso-bi;lop/N-stabu74;alg;533275
apso-bi;lop/N-stabu74;alg;534231
apso-bi;lop/N-stabu74;alg;534406
apso-bi;lop/N-stabu74;alg;535102
apso-bi;lop/N-stabu74;alg;535762
apso-bi;lop/N-stabu74;alg;536147
apso-bi;lop/N-stabu74;alg;536405
apso-bi;lop/N-stabu74;alg;536576
apso-bi;lop/N-stabu74;alg;536879
apso-bi;lop/N-stabu74;alg;536920
apso-bi;lop/N-stabu74;alg;537167
apso-bi;lop/N-stabu74;alg;537318
apso-bi;lop/N-stabu74;alg;537536
apso-bi;lop/N-stabu74;alg;538289
apso-bi;lop/N-stabu74;alg;538595
apso-bi;lop/N-stabu74;alg;538614
apso-bi;lop/N-stabu74;alg;541393
apso-bi;lop/N-stabu74;alg;541393
apso-bi;lop/N-stabu74;alg;541393
apso-i;lop/N-stabu74;alg;530040
apso-i;lop/N-stabu74;alg;530223
apso-i;lop/N-stabu74;alg;530842
apso-i;lop/N-stabu74;alg;531200
apso-i;lop/N-stabu74;alg;531212
apso-i;lop/N-stabu74;alg;531262
apso-i;lop/N-stabu74;alg;531559
apso-i;lop/N-stabu74;alg;532712
apso-i;lop/N-stabu74;alg;533152
apso-i;lop/N-stabu74;alg;533162
apso-i;lop/N-stabu74;alg;533255
apso-i;lop/N-stabu74;alg;533599
apso-i;lop/N-stabu74;alg;534478
apso-i;lop/N-stabu74;alg;534578
apso-i;lop/N-stabu74;alg;534827
apso-i;lop/N-stabu74;alg;534852
apso-i;lop/N-stabu74;alg;536056
apso-i;lop/N-stabu74;alg;536618
apso-i;lop/N-stabu74;alg;536772
apso-i;lop/N-stabu74;alg;537864
pso-rk;lop/N-stabu74;rk;497772
pso-rk;lop/N-stabu74;rk;498169
pso-rk;lop/N-stabu74;rk;498280
pso-rk;lop/N-stabu74;rk;498359
pso-rk;lop/N-stabu74;rk;499793
pso-rk;lop/N-stabu74;rk;499820
pso-rk;lop/N-stabu74;rk;500720
pso-rk;lop/N-stabu74;rk;501780
pso-rk;lop/N-stabu74;rk;502021
pso-rk;lop/N-stabu74;rk;502212
pso-rk;lop/N-stabu74;rk;503317
pso-rk;lop/N-stabu74;rk;504383
pso-rk;lop/N-stabu74;rk;505061
pso-rk;lop/N-stabu74;rk;505144
pso-rk;lop/N-stabu74;rk;505336
pso-rk;lop/N-stabu74;rk;505370
pso-rk;lop/N-stabu74;rk;506195
pso-rk;lop/N-stabu74;rk;506415
pso-rk;lop/N-stabu74;rk;508410
pso-rk;lop/N-stabu74;rk;509685
pso-rki;lop/N-stabu74;rk;510254
pso-rki;lop/N-stabu74;rk;510594
pso-rki;lop/N-stabu74;rk;511065
pso-rki;lop/N-stabu74;rk;511343
pso-rki;lop/N-stabu74;rk;511761
pso-rki;lop/N-stabu74;rk;512233
pso-rki;lop/N-stabu74;rk;512291
pso-rki;lop/N-stabu74;rk;513516
pso-rki;lop/N-stabu74;rk;514399
pso-rki;lop/N-stabu74;rk;514969
pso-rki;lop/N-stabu74;rk;515317
pso-rki;lop/N-stabu74;rk;515424
pso-rki;lop/N-stabu74;rk;516442
pso-rki;lop/N-stabu74;rk;518713
pso-rki;lop/N-stabu74;rk;519048
pso-rki;lop/N-stabu74;rk;519262
pso-rki;lop/N-stabu74;rk;519371
pso-rki;lop/N-stabu74;rk;519702
pso-rki;lop/N-stabu74;rk;519832
pso-rki;lop/N-stabu74;rk;520258
apso;lop/N-t69r11xx;alg;760196
apso;lop/N-t69r11xx;alg;760452
apso;lop/N-t69r11xx;alg;760743
apso;lop/N-t69r11xx;alg;760938
apso;lop/N-t69r11xx;alg;761172
apso;lop/N-t69r11xx;alg;762273
apso;lop/N-t69r11xx;alg;762959
apso;lop/N-t69r11xx;alg;762975
apso;lop/N-t69r11xx;alg;763009
apso;lop/N-t69r11xx;alg;763209
apso;lop/N-t69r11xx;alg;763856
apso;lop/N-t69r11xx;alg;763898
apso;lop/N-t69r11xx;alg;764065
apso;lop/N-t69r11xx;alg;764327
apso;lop/N-t69r11xx;alg;764442
apso;lop/N-t69r11xx;alg;764532
apso;lop/N-t69r11xx;alg;764958
apso;lop/N-t69r11xx;alg;765524
apso;lop/N-t69r11xx;alg;765699
apso;lop/N-t69r11xx;alg;765794
apso-b;lop/N-t69r11xx;alg;757262
apso-b;lop/N-t69r11xx;alg;759218
apso-b;lop/N-t69r11xx;alg;761452
apso-b;lop/N-t69r11xx;alg;764074
apso-b;lop/N-t69r11xx;alg;764442
apso-b;lop/N-t69r11xx;alg;766102
apso-b;lop/N-t69r11xx;alg;766224
apso-b;lop/N-t69r11xx;alg;766521
apso-b;lop/N-t69r11xx;alg;766866
apso-b;lop/N-t69r11xx;alg;766978
apso-b;lop/N-t69r11xx;alg;767723
apso-b;lop/N-t69r11xx;alg;767787
apso-b;lop/N-t69r11xx;alg;767787
apso-b;lop/N-t69r11xx;alg;768206
apso-b;lop/N-t69r11xx;alg;768206
apso-b;lop/N-t69r11xx;alg;770751
apso-b;lop/N-t69r11xx;alg;770751
apso-b;lop/N-t69r11xx;alg;770751
apso-b;lop/N-t69r11xx;alg;771027
apso-b;lop/N-t69r11xx;alg;771149
apso-bi;lop/N-t69r11xx;alg;766521
apso-bi;lop/N-t69r11xx;alg;767787
apso-bi;lop/N-t69r11xx;alg;767787
apso-bi;lop/N-t69r11xx;alg;767787
apso-bi;lop/N-t69r11xx;alg;768206
apso-bi;lop/N-t69r11xx;alg;768206
apso-bi;lop/N-t69r11xx;alg;768206
apso-bi;lop/N-t69r11xx;alg;768206
apso-bi;lop/N-t69r11xx;alg;768206
apso-bi;lop/N-t69r11xx;alg;770456
apso-bi;lop/N-t69r11xx;alg;770751
apso-bi;lop/N-t69r11xx;alg;770751
apso-bi;lop/N-t69r11xx;alg;770751
apso-bi;lop/N-t69r11xx;alg;770751
apso-bi;lop/N-t69r11xx;alg;770751
apso-bi;lop/N-t69r11xx;alg;771027
apso-bi;lop/N-t69r11xx;alg;771027
apso-bi;lop/N-t69r11xx;alg;771027
apso-bi;lop/N-t69r11xx;alg;771149
apso-bi;lop/N-t69r11xx;alg;771149
apso-i;lop/N-t69r11xx;alg;767723
apso-i;lop/N-t69r11xx;alg;767873
apso-i;lop/N-t69r11xx;alg;768206
apso-i;lop/N-t69r11xx;alg;768251
apso-i;lop/N-t69r11xx;alg;768280
apso-i;lop/N-t69r11xx;alg;768556
apso-i;lop/N-t69r11xx;alg;768725
apso-i;lop/N-t69r11xx;alg;769125
apso-i;lop/N-t69r11xx;alg;769534
apso-i;lop/N-t69r11xx;alg;769674
apso-i;lop/N-t69r11xx;alg;769968
apso-i;lop/N-t69r11xx;alg;770184
apso-i;lop/N-t69r11xx;alg;770544
apso-i;lop/N-t69r11xx;alg;770579
apso-i;lop/N-t69r11xx;alg;770751
apso-i;lop/N-t69r11xx;alg;770751
apso-i;lop/N-t69r11xx;alg;770771
apso-i;lop/N-t69r11xx;alg;770869
apso-i;lop/N-t69r11xx;alg;770903
apso-i;lop/N-t69r11xx;alg;771027
pso-rk;lop/N-t69r11xx;rk;680701
pso-rk;lop/N-t69r11xx;rk;682996
pso-rk;lop/N-t69r11xx;rk;692531
pso-rk;lop/N-t69r11xx;rk;692974
pso-rk;lop/N-t69r11xx;rk;694664
pso-rk;lop/N-t69r11xx;rk;700644
pso-rk;lop/N-t69r11xx;rk;702307
pso-rk;lop/N-t69r11xx;rk;707444
pso-rk;lop/N-t69r11xx;rk;708490
pso-rk;lop/N-t69r11xx;rk;711109
pso-rk;lop/N-t69r11xx;rk;712959
pso-rk;lop/N-t69r11xx;rk;716256
pso-rk;lop/N-t69r11xx;rk;717231
pso-rk;lop/N-t69r11xx;rk;717472
pso-rk;lop/N-t69r11xx;rk;719186
pso-rk;lop/N-t69r11xx;rk;720065
pso-rk;lop/N-t69r11xx;rk;722067
pso-rk;lop/N-t69r11xx;rk;723536
pso-rk;lop/N-t69r11xx;rk;724046
pso-rk;lop/N-t69r11xx;rk;726479
pso-rki;lop/N-t69r11xx;rk;738980
pso-rki;lop/N-t69r11xx;rk;740338
pso-rki;lop/N-t69r11xx;rk;740613
pso-rki;lop/N-t69r11xx;rk;741701
pso-rki;lop/N-t69r11xx;rk;742056
pso-rki;lop/N-t69r11xx;rk;744994
pso-rki;lop/N-t69r11xx;rk;746016
pso-rki;lop/N-t69r11xx;rk;746324
pso-rki;lop/N-t69r11xx;rk;749849
pso-rki;lop/N-t69r11xx;rk;751372
pso-rki;lop/N-t69r11xx;rk;754337
pso-rki;lop/N-t69r11xx;rk;754532
pso-rki;lop/N-t69r11xx;rk;755970
pso-rki;lop/N-t69r11xx;rk;757960
pso-rki;lop/N-t69r11xx;rk;757980
pso-rki;lop/N-t69r11xx;rk;758276
pso-rki;lop/N-t69r11xx;rk;761413
pso-rki;lop/N-t69r11xx;rk;761839
pso-rki;lop/N-t69r11xx;rk;762033
pso-rki;lop/N-t69r11xx;rk;762133
apso;lop/N-tiw56n54;alg;89276
apso;lop/N-tiw56n54;alg;89306
apso;lop/N-tiw56n54;alg;89346
apso;lop/N-tiw56n54;alg;89411
apso;lop/N-tiw56n54;alg;89449
apso;lop/N-tiw56n54;alg;89478
apso;lop/N-tiw56n54;alg;89554
apso;lop/N-tiw56n54;alg;89593
apso;lop/N-tiw56n54;alg;89604
apso;lop/N-tiw56n54;alg;89734
apso;lop/N-tiw56n54;alg;89735
apso;lop/N-tiw56n54;alg;89879
apso;lop/N-tiw56n54;alg;89895
apso;lop/N-tiw56n54;alg;89971
apso;lop/N-tiw56n54;alg;90022
apso;lop/N-tiw56n54;alg;90107
apso;lop/N-tiw56n54;alg;90147
apso;lop/N-tiw56n54;alg;90152
apso;lop/N-tiw56n54;alg;90285
apso;lop/N-tiw56n54;alg;90339
apso-b;lop/N-tiw56n54;alg;88675
apso-b;lop/N-tiw56n54;alg;89304
apso-b;lop/N-tiw56n54;alg;89453
apso-b;lop/N-tiw56n54;alg;89527
apso-b;lop/N-tiw56n54;alg;89563
apso-b;lop/N-tiw56n54;alg;89811
apso-b;lop/N-tiw56n54;alg;89873
apso-b;lop/N-tiw56n54;alg;89874
apso-b;lop/N-tiw56n54;alg;90120
apso-b;lop/N-tiw56n54;alg;90132
apso-b;lop/N-tiw56n54;alg;90185
apso-b;lop/N-tiw56n54;alg;90452
apso-b;lop/N-tiw56n54;alg;90602
apso-b;lop/N-tiw56n54;alg;90608
apso-b;lop/N-tiw56n54;alg;90613
apso-b;lop/N-tiw56n54;alg;90614
apso-b;lop/N-tiw56n54;alg;90699
apso-b;lop/N-tiw56n54;alg;90727
apso-b;lop/N-tiw56n54;alg;90740
apso-b;lop/N-tiw56n54;alg;91004
apso-bi;lop/N-tiw56n54;alg;90048
apso-bi;lop/N-tiw56n54;alg;90575
apso-bi;lop/N-tiw56n54;alg;90717
apso-bi;lop/N-tiw56n54;alg;90788
apso-bi;lop/N-tiw56n54;alg;90793
apso-bi;lop/N-tiw56n54;alg;90819
apso-bi;lop/N-tiw56n54;alg;90966
apso-bi;lop/N-tiw56n54;alg;91003
apso-bi;lop/N-tiw56n54;alg;91209
apso-bi;lop/N-tiw56n54;alg;91215
apso-bi;lop/N-tiw56n54;alg;91237
apso-bi;lop/N-tiw56n54;alg;91237
apso-bi;lop/N-tiw56n54;alg;91339
apso-bi;lop/N-tiw56n54;alg;91373
apso-bi;lop/N-tiw56n54;alg;91437
apso-bi;lop/N-tiw56n54;alg;91442
apso-bi;lop/N-tiw56n54;alg;91468
apso-bi;lop/N-tiw56n54;alg;91554
apso-bi;lop/N-tiw56n54;alg;91554
apso-bi;lop/N-tiw56n54;alg;91554
apso-i;lop/N-tiw56n54;alg;90483
apso-i;lop/N-tiw56n54;alg;90541
apso-i;lop/N-tiw56n54;alg;90562
apso-i;lop/N-tiw56n54;alg;90595
apso-i;lop/N-tiw56n54;alg;90609
apso-i;lop/N-tiw56n54;alg;90633
apso-i;lop/N-tiw56n54;alg;90637
apso-i;lop/N-tiw56n54;alg;90659
apso-i;lop/N-tiw56n54;alg;90684
apso-i;lop/N-tiw56n54;alg;90758
apso-i;lop/N-tiw56n54;alg;90794
apso-i;lop/N-tiw56n54;alg;90829
apso-i;lop/N-tiw56n54;alg;90912
apso-i;lop/N-tiw56n54;alg;90928
apso-i;lop/N-tiw56n54;alg;90975
apso-i;lop/N-tiw56n54;alg;90987
apso-i;lop/N-tiw56n54;alg;91062
apso-i;lop/N-tiw56n54;alg;91101
apso-i;lop/N-tiw56n54;alg;91155
apso-i;lop/N-tiw56n54;alg;91554
pso-rk;lop/N-tiw56n54;rk;81822
pso-rk;lop/N-tiw56n54;rk;82047
pso-rk;lop/N-tiw56n54;rk;82055
pso-rk;lop/N-tiw56n54;rk;82126
pso-rk;lop/N-tiw56n54;rk;82595
pso-rk;lop/N-tiw56n54;rk;82736
pso-rk;lop/N-tiw56n54;rk;82750
pso-rk;lop/N-tiw56n54;rk;82766
pso-rk;lop/N-tiw56n54;rk;82810
pso-rk;lop/N-tiw56n54;rk;82828
pso-rk;lop/N-tiw56n54;rk;83032
pso-rk;lop/N-tiw56n54;rk;83070
pso-rk;lop/N-tiw56n54;rk;83249
pso-rk;lop/N-tiw56n54;rk;83261
pso-rk;lop/N-tiw56n54;rk;83317
pso-rk;lop/N-tiw56n54;rk;83381
pso-rk;lop/N-tiw56n54;rk;83492
pso-rk;lop/N-tiw56n54;rk;83779
pso-rk;lop/N-tiw56n54;rk;83813
pso-rk;lop/N-tiw56n54;rk;83887
pso-rki;lop/N-tiw56n54;rk;84879
pso-rki;lop/N-tiw56n54;rk;85202
pso-rki;lop/N-tiw56n54;rk;85337
pso-rki;lop/N-tiw56n54;rk;85644
pso-rki;lop/N-tiw56n54;rk;85903
pso-rki;lop/N-tiw56n54;rk;86055
pso-rki;lop/N-tiw56n54;rk;86330
pso-rki;lop/N-tiw56n54;rk;86460
pso-rki;lop/N-tiw56n54;rk;86576
pso-rki;lop/N-tiw56n54;rk;86657
pso-rki;lop/N-tiw56n54;rk;86926
pso-rki;lop/N-tiw56n54;rk;87118
pso-rki;lop/N-tiw56n54;rk;87125
pso-rki;lop/N-tiw56n54;rk;87187
pso-rki;lop/N-tiw56n54;rk;87222
pso-rki;lop/N-tiw56n54;rk;87307
pso-rki;lop/N-tiw56n54;rk;87711
pso-rki;lop/N-tiw56n54;rk;87806
pso-rki;lop/N-tiw56n54;rk;88291
pso-rki;lop/N-tiw56n54;rk;88311
apso;pfsp/tai100_10_0.fsp;alg;324186
apso;pfsp/tai100_10_0.fsp;alg;324542
apso;pfsp/tai100_10_0.fsp;alg;325309
apso;pfsp/tai100_10_0.fsp;alg;326935
apso;pfsp/tai100_10_0.fsp;alg;327260
apso;pfsp/tai100_10_0.fsp;alg;327662
apso;pfsp/tai100_10_0.fsp;alg;328126
apso;pfsp/tai100_10_0.fsp;alg;328358
apso;pfsp/tai100_10_0.fsp;alg;328660
apso;pfsp/tai100_10_0.fsp;alg;329512
apso;pfsp/tai100_10_0.fsp;alg;329876
apso;pfsp/tai100_10_0.fsp;alg;330217
apso;pfsp/tai100_10_0.fsp;alg;330458
apso;pfsp/tai100_10_0.fsp;alg;330648
apso;pfsp/tai100_10_0.fsp;alg;330765
apso;pfsp/tai100_10_0.fsp;alg;330846
apso;pfsp/tai100_10_0.fsp;alg;331271
apso;pfsp/tai100_10_0.fsp;alg;331621
apso;pfsp/tai100_10_0.fsp;alg;332116
apso;pfsp/tai100_10_0.fsp;alg;332495
apso-b;pfsp/tai100_10_0.fsp;alg;320410
apso-b;pfsp/tai100_10_0.fsp;alg;321863
apso-b;pfsp/tai100_10_0.fsp;alg;322076
apso-b;pfsp/tai100_10_0.fsp;alg;322864
apso-b;pfsp/tai100_10_0.fsp;alg;322949
apso-b;pfsp/tai100_10_0.fsp;alg;325641
apso-b;pfsp/tai100_10_0.fsp;alg;325775
apso-b;pfsp/tai100_10_0.fsp;alg;326560
apso-b;pfsp/tai100_10_0.fsp;alg;326587
apso-b;pfsp/tai100_10_0.fsp;alg;327171
apso-b;pfsp/tai100_10_0.fsp;alg;328050
apso-b;pfsp/tai100_10_0.fsp;alg;328211
apso-b;pfsp/tai100_10_0.fsp;alg;328373
apso-b;pfsp/tai100_10_0.fsp;alg;330491
apso-b;pfsp/tai100_10_0.fsp;alg;330653
apso-b;pfsp/tai100_10_0.fsp;alg;330689
apso-b;pfsp/tai100_10_0.fsp;alg;331837
apso-b;pfsp/tai100_10_0.fsp;alg;332421
apso-b;pfsp/tai100_10_0.fsp;alg;332567
apso-b;pfsp/tai100_10_0.fsp;alg;337739
apso-bi;pfsp/tai100_10_0.fsp;alg;326848
apso-bi;pfsp/tai100_10_0.fsp;alg;327019
apso-bi;pfsp/tai100_10_0.fsp;alg;327863
apso-bi;pfsp/tai100_10_0.fsp;alg;328527
apso-bi;pfsp/tai100_10_0.fsp;alg;328532
apso-bi;pfsp/tai100_10_0.fsp;alg;328555
apso-bi;pfsp/tai100_10_0.fsp;alg;328666
apso-bi;pfsp/tai100_10_0.fsp;alg;328760
apso-bi;pfsp/tai100_10_0.fsp;alg;320410
apso-bi;pfsp/tai100_10_0.fsp;alg;321863
apso-bi;pfsp/tai100_10_0.fsp;alg;329682
apso-bi;pfsp/tai100_10_0.fsp;alg;330308
apso-bi;pfsp/tai100_10_0.fsp;alg;330711
apso-bi;pfsp/tai100_10_0.fsp;alg;330784
apso-bi;pfsp/tai100_10_0.fsp;alg;331104
apso-bi;pfsp/tai100_10_0.fsp;alg;331338
apso-bi;pfsp/tai100_10_0.fsp;alg;332517
apso-bi;pfsp/tai100_10_0.fsp;alg;320789
apso-bi;pfsp/tai100_10_0.fsp;alg;323281
apso-bi;pfsp/tai100_10_0.fsp;alg;323163
apso-i;pfsp/tai100_10_0.fsp;alg;326304
apso-i;pfsp/tai100_10_0.fsp;alg;326372
apso-i;pfsp/tai100_10_0.fsp;alg;326418
apso-i;pfsp/tai100_10_0.fsp;alg;326742
apso-i;pfsp/tai100_10_0.fsp;alg;326769
apso-i;pfsp/tai100_10_0.fsp;alg;326787
apso-i;pfsp/tai100_10_0.fsp;alg;326793
apso-i;pfsp/tai100_10_0.fsp;alg;327045
apso-i;pfsp/tai100_10_0.fsp;alg;327246
apso-i;pfsp/tai100_10_0.fsp;alg;327691
apso-i;pfsp/tai100_10_0.fsp;alg;327694
apso-i;pfsp/tai100_10_0.fsp;alg;328026
apso-i;pfsp/tai100_10_0.fsp;alg;328077
apso-i;pfsp/tai100_10_0.fsp;alg;328333
apso-i;pfsp/tai100_10_0.fsp;alg;328815
apso-i;pfsp/tai100_10_0.fsp;alg;328904
apso-i;pfsp/tai100_10_0.fsp;alg;329229
apso-i;pfsp/tai100_10_0.fsp;alg;329638
apso-i;pfsp/tai100_10_0.fsp;alg;330118
apso-i;pfsp/tai100_10_0.fsp;alg;330138
pso-rk;pfsp/tai100_10_0.fsp;rk;334458
pso-rk;pfsp/tai100_10_0.fsp;rk;335193
pso-rk;pfsp/tai100_10_0.fsp;rk;335504
pso-rk;pfsp/tai100_10_0.fsp;rk;335536
pso-rk;pfsp/tai100_10_0.fsp;rk;336015
pso-rk;pfsp/tai100_10_0.fsp;rk;336589
pso-rk;pfsp/tai100_10_0.fsp;rk;336873
pso-rk;pfsp/tai100_10_0.fsp;rk;337025
pso-rk;pfsp/tai100_10_0.fsp;rk;337528
pso-rk;pfsp/tai100_10_0.fsp;rk;337787
pso-rk;pfsp/tai100_10_0.fsp;rk;338183
pso-rk;pfsp/tai100_10_0.fsp;rk;339312
pso-rk;pfsp/tai100_10_0.fsp;rk;339744
pso-rk;pfsp/tai100_10_0.fsp;rk;340243
pso-rk;pfsp/tai100_10_0.fsp;rk;340491
pso-rk;pfsp/tai100_10_0.fsp;rk;340851
pso-rk;pfsp/tai100_10_0.fsp;rk;340918
pso-rk;pfsp/tai100_10_0.fsp;rk;341212
pso-rk;pfsp/tai100_10_0.fsp;rk;341629
pso-rk;pfsp/tai100_10_0.fsp;rk;342346
pso-rki;pfsp/tai100_10_0.fsp;rk;337193
pso-rki;pfsp/tai100_10_0.fsp;rk;337293
pso-rki;pfsp/tai100_10_0.fsp;rk;337373
pso-rki;pfsp/tai100_10_0.fsp;rk;338262
pso-rki;pfsp/tai100_10_0.fsp;rk;338892
pso-rki;pfsp/tai100_10_0.fsp;rk;338918
pso-rki;pfsp/tai100_10_0.fsp;rk;338963
pso-rki;pfsp/tai100_10_0.fsp;rk;338992
pso-rki;pfsp/tai100_10_0.fsp;rk;339196
pso-rki;pfsp/tai100_10_0.fsp;rk;339220
pso-rki;pfsp/tai100_10_0.fsp;rk;339254
pso-rki;pfsp/tai100_10_0.fsp;rk;339891
pso-rki;pfsp/tai100_10_0.fsp;rk;339976
pso-rki;pfsp/tai100_10_0.fsp;rk;340551
pso-rki;pfsp/tai100_10_0.fsp;rk;340718
pso-rki;pfsp/tai100_10_0.fsp;rk;341362
pso-rki;pfsp/tai100_10_0.fsp;rk;341691
pso-rki;pfsp/tai100_10_0.fsp;rk;342673
pso-rki;pfsp/tai100_10_0.fsp;rk;342768
pso-rki;pfsp/tai100_10_0.fsp;rk;343228
apso;pfsp/tai20_10_0.fsp;alg;20955
apso;pfsp/tai20_10_0.fsp;alg;20970
apso;pfsp/tai20_10_0.fsp;alg;20970
apso;pfsp/tai20_10_0.fsp;alg;20994
apso;pfsp/tai20_10_0.fsp;alg;20997
apso;pfsp/tai20_10_0.fsp;alg;21001
apso;pfsp/tai20_10_0.fsp;alg;21011
apso;pfsp/tai20_10_0.fsp;alg;21029
apso;pfsp/tai20_10_0.fsp;alg;21046
apso;pfsp/tai20_10_0.fsp;alg;21055
apso;pfsp/tai20_10_0.fsp;alg;21065
apso;pfsp/tai20_10_0.fsp;alg;21073
apso;pfsp/tai20_10_0.fsp;alg;21119
apso;pfsp/tai20_10_0.fsp;alg;21158
apso;pfsp/tai20_10_0.fsp;alg;21161
apso;pfsp/tai20_10_0.fsp;alg;21179
apso;pfsp/tai20_10_0.fsp;alg;21183
apso;pfsp/tai20_10_0.fsp;alg;21183
apso;pfsp/tai20_10_0.fsp;alg;21209
apso;pfsp/tai20_10_0.fsp;alg;21229
apso-b;pfsp/tai20_10_0.fsp;alg;20955
apso-b;pfsp/tai20_10_0.fsp;alg;20958
apso-b;pfsp/tai20_10_0.fsp;alg;20958
apso-b;pfsp/tai20_10_0.fsp;alg;20958
apso-b;pfsp/tai20_10_0.fsp;alg;20967
apso-b;pfsp/tai20_10_0.fsp;alg;20970
apso-b;pfsp/tai20_10_0.fsp;alg;21008
apso-b;pfsp/tai20_10_0.fsp;alg;21011
apso-b;pfsp/tai20_10_0.fsp;alg;21011
apso-b;pfsp/tai20_10_0.fsp;alg;21025
apso-b;pfsp/tai20_10_0.fsp;alg;21046
apso-b;pfsp/tai20_10_0.fsp;alg;21048
apso-b;pfsp/tai20_10_0.fsp;alg;21052
apso-b;pfsp/tai20_10_0.fsp;alg;21086
apso-b;pfsp/tai20_10_0.fsp;alg;21105
apso-b;pfsp/tai20_10_0.fsp;alg;21117
apso-b;pfsp/tai20_10_0.fsp;alg;21129
apso-b;pfsp/tai20_10_0.fsp;alg;21207
apso-b;pfsp/tai20_10_0.fsp;alg;21215
apso-b;pfsp/tai20_10_0.fsp;alg;21314
apso-bi;pfsp/tai20_10_0.fsp;alg;20911
apso-bi;pfsp/tai20_10_0.fsp;alg;20911
apso-bi;pfsp/tai20_10_0.fsp;alg;20911
apso-bi;pfsp/tai20_10_0.fsp;alg;20955
apso-bi;pfsp/tai20_10_0.fsp;alg;20955
apso-bi;pfsp/tai20_10_0.fsp;alg;20955
apso-bi;pfsp/tai20_10_0.fsp;alg;20955
apso-bi;pfsp/tai20_10_0.fsp;alg;20955
apso-bi;pfsp/tai20_10_0.fsp;alg;20955
apso-bi;pfsp/tai20_10_0.fsp;alg;20955
apso-bi;pfsp/tai20_10_0.fsp;alg;20955
apso-bi;pfsp/tai20_10_0.fsp;alg;20911
apso-bi;pfsp/tai20_10_0.fsp;alg;20958
apso-bi;pfsp/tai20_10_0.fsp;alg;20958
apso-bi;pfsp/tai20_10_0.fsp;alg;20958
apso-bi;pfsp/tai20_10_0.fsp;alg;20970
apso-bi;pfsp/tai20_10_0.fsp;alg;20975
apso-bi;pfsp/tai20_10_0.fsp;alg;20980
apso-bi;pfsp/tai20_10_0.fsp;alg;21011
apso-bi;pfsp/tai20_10_0.fsp;alg;21051
apso-i;pfsp/tai20_10_0.fsp;alg;20955
apso-i;pfsp/tai20_10_0.fsp;alg;20955
apso-i;pfsp/tai20_10_0.fsp;alg;20956
apso-i;pfsp/tai20_10_0.fsp;alg;20911
apso-i;pfsp/tai20_10_0.fsp;alg;20966
apso-i;pfsp/tai20_10_0.fsp;alg;20970
apso-i;pfsp/tai20_10_0.fsp;alg;20970
apso-i;pfsp/tai20_10_0.fsp;alg;20976
apso-i;pfsp/tai20_10_0.fsp;alg;20977
apso-i;pfsp/tai20_10_0.fsp;alg;20980
apso-i;pfsp/tai20_10_0.fsp;alg;20982
apso-i;pfsp/tai20_10_0.fsp;alg;20985
apso-i;pfsp/tai20_10_0.fsp;alg;20988
apso-i;pfsp/tai20_10_0.fsp;alg;20993
apso-i;pfsp/tai20_10_0.fsp;alg;21026
apso-i;pfsp/tai20_10_0.fsp;alg;21027
apso-i;pfsp/tai20_10_0.fsp;alg;21038
apso-i;pfsp/tai20_10_0.fsp;alg;21043
apso-i;pfsp/tai20_10_0.fsp;alg;21044
apso-i;pfsp/tai20_10_0.fsp;alg;21051
pso-rk;pfsp/tai20_10_0.fsp;rk;21359
pso-rk;pfsp/tai20_10_0.fsp;rk;21455
pso-rk;pfsp/tai20_10_0.fsp;rk;21492
pso-rk;pfsp/tai20_10_0.fsp;rk;21541
pso-rk;pfsp/tai20_10_0.fsp;rk;21670
pso-rk;pfsp/tai20_10_0.fsp;rk;21699
pso-rk;pfsp/tai20_10_0.fsp;rk;21699
pso-rk;pfsp/tai20_10_0.fsp;rk;21707
pso-rk;pfsp/tai20_10_0.fsp;rk;21781
pso-rk;pfsp/tai20_10_0.fsp;rk;21863
pso-rk;pfsp/tai20_10_0.fsp;rk;21881
pso-rk;pfsp/tai20_10_0.fsp;rk;21883
pso-rk;pfsp/tai20_10_0.fsp;rk;21921
pso-rk;pfsp/tai20_10_0.fsp;rk;21925
pso-rk;pfsp/tai20_10_0.fsp;rk;22003
pso-rk;pfsp/tai20_10_0.fsp;rk;22067
pso-rk;pfsp/tai20_10_0.fsp;rk;22117
pso-rk;pfsp/tai20_10_0.fsp;rk;22117
pso-rk;pfsp/tai20_10_0.fsp;rk;22130
pso-rk;pfsp/tai20_10_0.fsp;rk;22147
pso-rki;pfsp/tai20_10_0.fsp;rk;21271
pso-rki;pfsp/tai20_10_0.fsp;rk;21316
pso-rki;pfsp/tai20_10_0.fsp;rk;21373
pso-rki;pfsp/tai20_10_0.fsp;rk;21482
pso-rki;pfsp/tai20_10_0.fsp;rk;21586
pso-rki;pfsp/tai20_10_0.fsp;rk;21590
pso-rki;pfsp/tai20_10_0.fsp;rk;21635
pso-rki;pfsp/tai20_10_0.fsp;rk;21657
pso-rki;pfsp/tai20_10_0.fsp;rk;21720
pso-rki;pfsp/tai20_10_0.fsp;rk;21731
pso-rki;pfsp/tai20_10_0.fsp;rk;21825
pso-rki;pfsp/tai20_10_0.fsp;rk;21886
pso-rki;pfsp/tai20_10_0.fsp;rk;22093
pso-rki;pfsp/tai20_10_0.fsp;rk;22106
pso-rki;pfsp/tai20_10_0.fsp;rk;22130
pso-rki;pfsp/tai20_10_0.fsp;rk;22138
pso-rki;pfsp/tai20_10_0.fsp;rk;22152
pso-rki;pfsp/tai20_10_0.fsp;rk;22245
pso-rki;pfsp/tai20_10_0.fsp;rk;22309
pso-rki;pfsp/tai20_10_0.fsp;rk;22349
apso;pfsp/tai50_20_0.fsp;alg;132095
apso;pfsp/tai50_20_0.fsp;alg;132260
apso;pfsp/tai50_20_0.fsp;alg;132449
apso;pfsp/tai50_20_0.fsp;alg;132546
apso;pfsp/tai50_20_0.fsp;alg;132769
apso;pfsp/tai50_20_0.fsp;alg;132927
apso;pfsp/tai50_20_0.fsp;alg;132984
apso;pfsp/tai50_20_0.fsp;alg;133035
apso;pfsp/tai50_20_0.fsp;alg;133056
apso;pfsp/tai50_20_0.fsp;alg;133245
apso;pfsp/tai50_20_0.fsp;alg;133271
apso;pfsp/tai50_20_0.fsp;alg;133475
apso;pfsp/tai50_20_0.fsp;alg;133811
apso;pfsp/tai50_20_0.fsp;alg;133882
apso;pfsp/tai50_20_0.fsp;alg;134171
apso;pfsp/tai50_20_0.fsp;alg;134320
apso;pfsp/tai50_20_0.fsp;alg;134333
apso;pfsp/tai50_20_0.fsp;alg;134799
apso;pfsp/tai50_20_0.fsp;alg;134878
apso;pfsp/tai50_20_0.fsp;alg;134944
apso-b;pfsp/tai50_20_0.fsp;alg;132017
apso-b;pfsp/tai50_20_0.fsp;alg;132032
apso-b;pfsp/tai50_20_0.fsp;alg;132218
apso-b;pfsp/tai50_20_0.fsp;alg;132309
apso-b;pfsp/tai50_20_0.fsp;alg;132718
apso-b;pfsp/tai50_20_0.fsp;alg;132899
apso-b;pfsp/tai50_20_0.fsp;alg;133171
apso-b;pfsp/tai50_20_0.fsp;alg;133295
apso-b;pfsp/tai50_20_0.fsp;alg;133941
apso-b;pfsp/tai50_20_0.fsp;alg;133990
apso-b;pfsp/tai50_20_0.fsp;alg;134210
apso-b;pfsp/tai50_20_0.fsp;alg;134543
apso-b;pfsp/tai50_20_0.fsp;alg;134594
apso-b;pfsp/tai50_20_0.fsp;alg;135081
apso-b;pfsp/tai50_20_0.fsp;alg;135306
apso-b;pfsp/tai50_20_0.fsp;alg;135415
apso-b;pfsp/tai50_20_0.fsp;alg;136023
apso-b;pfsp/tai50_20_0.fsp;alg;136365
apso-b;pfsp/tai50_20_0.fsp;alg;136485
apso-b;pfsp/tai50_20_0.fsp;alg;136973
apso-bi;pfsp/tai50_20_0.fsp;alg;130492
apso-bi;pfsp/tai50_20_0.fsp;alg;132114
apso-bi;pfsp/tai50_20_0.fsp;alg;132133
apso-bi;pfsp/tai50_20_0.fsp;alg;132333
apso-bi;pfsp/tai50_20_0.fsp;alg;132346
apso-bi;pfsp/tai50_20_0.fsp;alg;132719
apso-bi;pfsp/tai50_20_0.fsp;alg;132824
apso-bi;pfsp/tai50_20_0.fsp;alg;132953
apso-bi;pfsp/tai50_20_0.fsp;alg;133332
apso-bi;pfsp/tai50_20_0.fsp;alg;133664
apso-bi;pfsp/tai50_20_0.fsp;alg;133672
apso-bi;pfsp/tai50_20_0.fsp;alg;133687
apso-bi;pfsp/tai50_20_0.fsp;alg;133772
apso-bi;pfsp/tai50_20_0.fsp;alg;133820
apso-bi;pfsp/tai50_20_0.fsp;alg;133828
apso-bi;pfsp/tai50_20_0.fsp;alg;133948
apso-bi;pfsp/tai50_20_0.fsp;alg;134010
apso-bi;pfsp/tai50_20_0.fsp;alg;134195
apso-bi;pfsp/tai50_20_0.fsp;alg;134260
apso-bi;pfsp/tai50_20_0.fsp;alg;134495
apso-i;pfsp/tai50_20_0.fsp;alg;132722
apso-i;pfsp/tai50_20_0.fsp;alg;132742
apso-i;pfsp/tai50_20_0.fsp;alg;132926
apso-i;pfsp/tai50_20_0.fsp;alg;132995
apso-i;pfsp/tai50_20_0.fsp;alg;133018
apso-i;pfsp/tai50_20_0.fsp;alg;133198
apso-i;pfsp/tai50_20_0.fsp;alg;133202
apso-i;pfsp/tai50_20_0.fsp;alg;133211
apso-i;pfsp/tai50_20_0.fsp;alg;133287
apso-i;pfsp/tai50_20_0.fsp;alg;133353
apso-i;pfsp/tai50_20_0.fsp;alg;133441
apso-i;pfsp/tai50_20_0.fsp;alg;133517
apso-i;pfsp/tai50_20_0.fsp;alg;133547
apso-i;pfsp/tai50_20_0.fsp;alg;133613
apso-i;pfsp/tai50_20_0.fsp;alg;133614
apso-i;pfsp/tai50_20_0.fsp;alg;133638
apso-i;pfsp/tai50_20_0.fsp;alg;133742
apso-i;pfsp/tai50_20_0.fsp;alg;133803
apso-i;pfsp/tai50_20_0.fsp;alg;133903
apso-i;pfsp/tai50_20_0.fsp;alg;133942
pso-rk;pfsp/tai50_20_0.fsp;rk;135167
pso-rk;pfsp/tai50_20_0.fsp;rk;135172
pso-rk;pfsp/tai50_20_0.fsp;rk;135272
pso-rk;pfsp/tai50_20_0.fsp;rk;135366
pso-rk;pfsp/tai50_20_0.fsp;rk;135402
pso-rk;pfsp/tai50_20_0.fsp;rk;135726
pso-rk;pfsp/tai50_20_0.fsp;rk;135761
pso-rk;pfsp/tai50_20_0.fsp;rk;135962
pso-rk;pfsp/tai50_20_0.fsp;rk;136006
pso-rk;pfsp/tai50_20_0.fsp;rk;136130
pso-rk;pfsp/tai50_20_0.fsp;rk;136211
pso-rk;pfsp/tai50_20_0.fsp;rk;136232
pso-rk;pfsp/tai50_20_0.fsp;rk;136248
pso-rk;pfsp/tai50_20_0.fsp;rk;136251
pso-rk;pfsp/tai50_20_0.fsp;rk;136268
pso-rk;pfsp/tai50_20_0.fsp;rk;136290
pso-rk;pfsp/tai50_20_0.fsp;rk;136371
pso-rk;pfsp/tai50_20_0.fsp;rk;136548
pso-rk;pfsp/tai50_20_0.fsp;rk;136854
pso-rk;pfsp/tai50_20_0.fsp;rk;136870
pso-rki;pfsp/tai50_20_0.fsp;rk;137044
pso-rki;pfsp/tai50_20_0.fsp;rk;137108
pso-rki;pfsp/tai50_20_0.fsp;rk;137146
pso-rki;pfsp/tai50_20_0.fsp;rk;137351
pso-rki;pfsp/tai50_20_0.fsp;rk;137439
pso-rki;pfsp/tai50_20_0.fsp;rk;137561
pso-rki;pfsp/tai50_20_0.fsp;rk;137681
pso-rki;pfsp/tai50_20_0.fsp;rk;137870
pso-rki;pfsp/tai50_20_0.fsp;rk;137873
pso-rki;pfsp/tai50_20_0.fsp;rk;137900
pso-rki;pfsp/tai50_20_0.fsp;rk;137987
pso-rki;pfsp/tai50_20_0.fsp;rk;138226
pso-rki;pfsp/tai50_20_0.fsp;rk;138230
pso-rki;pfsp/tai50_20_0.fsp;rk;138308
pso-rki;pfsp/tai50_20_0.fsp;rk;138359
pso-rki;pfsp/tai50_20_0.fsp;rk;138540
pso-rki;pfsp/tai50_20_0.fsp;rk;138542
pso-rki;pfsp/tai50_20_0.fsp;rk;138568
pso-rki;pfsp/tai50_20_0.fsp;rk;138613
pso-rki;pfsp/tai50_20_0.fsp;rk;138777
apso;pfsp/tai50_5_0.fsp;alg;66164
apso;pfsp/tai50_5_0.fsp;alg;66345
apso;pfsp/tai50_5_0.fsp;alg;66511
apso;pfsp/tai50_5_0.fsp;alg;66614
apso;pfsp/tai50_5_0.fsp;alg;66892
apso;pfsp/tai50_5_0.fsp;alg;66935
apso;pfsp/tai50_5_0.fsp;alg;67483
apso;pfsp/tai50_5_0.fsp;alg;67695
apso;pfsp/tai50_5_0.fsp;alg;67905
apso;pfsp/tai50_5_0.fsp;alg;67960
apso;pfsp/tai50_5_0.fsp;alg;68430
apso;pfsp/tai50_5_0.fsp;alg;68468
apso;pfsp/tai50_5_0.fsp;alg;68490
apso;pfsp/tai50_5_0.fsp;alg;68640
apso;pfsp/tai50_5_0.fsp;alg;68885
apso;pfsp/tai50_5_0.fsp;alg;69227
apso;pfsp/tai50_5_0.fsp;alg;69234
apso;pfsp/tai50_5_0.fsp;alg;69308
apso;pfsp/tai50_5_0.fsp;alg;69358
apso;pfsp/tai50_5_0.fsp;alg;69469
apso-b;pfsp/tai50_5_0.fsp;alg;66177
apso-b;pfsp/tai50_5_0.fsp;alg;66340
apso-b;pfsp/tai50_5_0.fsp;alg;66352
apso-b;pfsp/tai50_5_0.fsp;alg;66420
apso-b;pfsp/tai50_5_0.fsp;alg;66534
apso-b;pfsp/tai50_5_0.fsp;alg;66536
apso-b;pfsp/tai50_5_0.fsp;alg;66861
apso-b;pfsp/tai50_5_0.fsp;alg;67187
apso-b;pfsp/tai50_5_0.fsp;alg;67679
apso-b;pfsp/tai50_5_0.fsp;alg;67838
apso-b;pfsp/tai50_5_0.fsp;alg;67891
apso-b;pfsp/tai50_5_0.fsp;alg;67954
apso-b;pfsp/tai50_5_0.fsp;alg;68282
apso-b;pfsp/tai50_5_0.fsp;alg;68499
apso-b;pfsp/tai50_5_0.fsp;alg;68697
apso-b;pfsp/tai50_5_0.fsp;alg;68700
apso-b;pfsp/tai50_5_0.fsp;alg;68709
apso-b;pfsp/tai50_5_0.fsp;alg;69269
apso-b;pfsp/tai50_5_0.fsp;alg;69317
apso-b;pfsp/tai50_5_0.fsp;alg;69984
apso-bi;pfsp/tai50_5_0.fsp;alg;66049
apso-bi;pfsp/tai50_5_0.fsp;alg;66198
apso-bi;pfsp/tai50_5_0.fsp;alg;66252
apso-bi;pfsp/tai50_5_0.fsp;alg;66555
apso-bi;pfsp/tai50_5_0.fsp;alg;66733
apso-bi;pfsp/tai50_5_0.fsp;alg;66857
apso-bi;pfsp/tai50_5_0.fsp;alg;67045
apso-bi;pfsp/tai50_5_0.fsp;alg;67213
apso-bi;pfsp/tai50_5_0.fsp;alg;67261
apso-bi;pfsp/tai50_5_0.fsp;alg;67414
apso-bi;pfsp/tai50_5_0.fsp;alg;67475
apso-bi;pfsp/tai50_5_0.fsp;alg;67487
apso-bi;pfsp/tai50_5_0.fsp;alg;67582
apso-bi;pfsp/tai50_5_0.fsp;alg;67626
apso-bi;pfsp/tai50_5_0.fsp;alg;67634
apso-bi;pfsp/tai50_5_0.fsp;alg;67639
apso-bi;pfsp/tai50_5_0.fsp;alg;67916
apso-bi;pfsp/tai50_5_0.fsp;alg;67948
apso-bi;pfsp/tai50_5_0.fsp;alg;68194
apso-bi;pfsp/tai50_5_0.fsp;alg;68296
apso-i;pfsp/tai50_5_0.fsp;alg;66493
apso-i;pfsp/tai50_5_0.fsp;alg;66541
apso-i;pfsp/tai50_5_0.fsp;alg;66564
apso-i;pfsp/tai50_5_0.fsp;alg;66828
apso-i;pfsp/tai50_5_0.fsp;alg;66846
apso-i;pfsp/tai50_5_0.fsp;alg;66927
apso-i;pfsp/tai50_5_0.fsp;alg;66929
apso-i;pfsp/tai50_5_0.fsp;alg;66998
apso-i;pfsp/tai50_5_0.fsp;alg;67171
apso-i;pfsp/tai50_5_0.fsp;alg;67247
apso-i;pfsp/tai50_5_0.fsp;alg;67269
apso-i;pfsp/tai50_5_0.fsp;alg;67398
apso-i;pfsp/tai50_5_0.fsp;alg;67513
apso-i;pfsp/tai50_5_0.fsp;alg;67515
apso-i;pfsp/tai50_5_0.fsp;alg;67608
apso-i;pfsp/tai50_5_0.fsp;alg;67629
apso-i;pfsp/tai50_5_0.fsp;alg;67629
apso-i;pfsp/tai50_5_0.fsp;alg;67698
apso-i;pfsp/tai50_5_0.fsp;alg;67779
apso-i;pfsp/tai50_5_0.fsp;alg;68002
pso-rk;pfsp/tai50_5_0.fsp;rk;70093
pso-rk;pfsp/tai50_5_0.fsp;rk;70098
pso-rk;pfsp/tai50_5_0.fsp;rk;70117
pso-rk;pfsp/tai50_5_0.fsp;rk;70514
pso-rk;pfsp/tai50_5_0.fsp;rk;71194
pso-rk;pfsp/tai50_5_0.fsp;rk;71202
pso-rk;pfsp/tai50_5_0.fsp;rk;71262
pso-rk;pfsp/tai50_5_0.fsp;rk;71504
pso-rk;pfsp/tai50_5_0.fsp;rk;71803
pso-rk;pfsp/tai50_5_0.fsp;rk;71943
pso-rk;pfsp/tai50_5_0.fsp;rk;72230
pso-rk;pfsp/tai50_5_0.fsp;rk;72238
pso-rk;pfsp/tai50_5_0.fsp;rk;72553
pso-rk;pfsp/tai50_5_0.fsp;rk;72588
pso-rk;pfsp/tai50_5_0.fsp;rk;72629
pso-rk;pfsp/tai50_5_0.fsp;rk;72764
pso-rk;pfsp/tai50_5_0.fsp;rk;72815
pso-rk;pfsp/tai50_5_0.fsp;rk;72859
pso-rk;pfsp/tai50_5_0.fsp;rk;72902
pso-rk;pfsp/tai50_5_0.fsp;rk;73003
pso-rki;pfsp/tai50_5_0.fsp;rk;68877
pso-rki;pfsp/tai50_5_0.fsp;rk;69316
pso-rki;pfsp/tai50_5_0.fsp;rk;69943
pso-rki;pfsp/tai50_5_0.fsp;rk;69949
pso-rki;pfsp/tai50_5_0.fsp;rk;69965
pso-rki;pfsp/tai50_5_0.fsp;rk;70470
pso-rki;pfsp/tai50_5_0.fsp;rk;70493
pso-rki;pfsp/tai50_5_0.fsp;rk;70584
pso-rki;pfsp/tai50_5_0.fsp;rk;70642
pso-rki;pfsp/tai50_5_0.fsp;rk;70755
pso-rki;pfsp/tai50_5_0.fsp;rk;70763
pso-rki;pfsp/tai50_5_0.fsp;rk;71631
pso-rki;pfsp/tai50_5_0.fsp;rk;71773
pso-rki;pfsp/tai50_5_0.fsp;rk;71938
pso-rki;pfsp/tai50_5_0.fsp;rk;72010
pso-rki;pfsp/tai50_5_0.fsp;rk;72211
pso-rki;pfsp/tai50_5_0.fsp;rk;72212
pso-rki;pfsp/tai50_5_0.fsp;rk;72348
pso-rki;pfsp/tai50_5_0.fsp;rk;72811
pso-rki;pfsp/tai50_5_0.fsp;rk;72824
apso;qap/tai15a.dat;alg;392520
apso;qap/tai15a.dat;alg;392914
apso;qap/tai15a.dat;alg;393147
apso;qap/tai15a.dat;alg;393359
apso;qap/tai15a.dat;alg;393493
apso;qap/tai15a.dat;alg;393507
apso;qap/tai15a.dat;alg;393522
apso;qap/tai15a.dat;alg;393588
apso;qap/tai15a.dat;alg;393926
apso;qap/tai15a.dat;alg;394281
apso;qap/tai15a.dat;alg;394530
apso;qap/tai15a.dat;alg;394674
apso;qap/tai15a.dat;alg;394738
apso;qap/tai15a.dat;alg;394779
apso;qap/tai15a.dat;alg;394964
apso;qap/tai15a.dat;alg;395367
apso;qap/tai15a.dat;alg;395643
apso;qap/tai15a.dat;alg;395789
apso;qap/tai15a.dat;alg;396540
apso;qap/tai15a.dat;alg;396580
apso-b;qap/tai15a.dat;alg;388988
apso-b;qap/tai15a.dat;alg;388214
apso-b;qap/tai15a.dat;alg;388214
apso-b;qap/tai15a.dat;alg;393234
apso-b;qap/tai15a.dat;alg;394816
apso-b;qap/tai15a.dat;alg;395562
apso-b;qap/tai15a.dat;alg;396400
apso-b;qap/tai15a.dat;alg;396580
apso-b;qap/tai15a.dat;alg;396796
apso-b;qap/tai15a.dat;alg;397090
apso-b;qap/tai15a.dat;alg;397124
apso-b;qap/tai15a.dat;alg;398054
apso-b;qap/tai15a.dat;alg;398506
apso-b;qap/tai15a.dat;alg;398916
apso-b;qap/tai15a.dat;alg;399366
apso-b;qap/tai15a.dat;alg;399592
apso-b;qap/tai15a.dat;alg;399964
apso-b;qap/tai15a.dat;alg;400248
apso-b;qap/tai15a.dat;alg;400550
apso-b;qap/tai15a.dat;alg;402164
apso-bi;qap/tai15a.dat;alg;388250
apso-bi;qap/tai15a.dat;alg;388988
apso-bi;qap/tai15a.dat;alg;388988
apso-bi;qap/tai15a.dat;alg;388214
apso-bi;qap/tai15a.dat;alg;389718
apso-bi;qap/tai15a.dat;alg;389718
apso-bi;qap/tai15a.dat;alg;388214
apso-bi;qap/tai15a.dat;alg;390352
apso-bi;qap/tai15a.dat;alg;391522
apso-bi;qap/tai15a.dat;alg;391540
apso-bi;qap/tai15a.dat;alg;391744
apso-bi;qap/tai15a.dat;alg;392054
apso-bi;qap/tai15a.dat;alg;393286
apso-bi;qap/tai15a.dat;alg;393754
apso-bi;qap/tai15a.dat;alg;393820
apso-bi;qap/tai15a.dat;alg;393820
apso-bi;qap/tai15a.dat;alg;393866
apso-bi;qap/tai15a.dat;alg;394026
apso-bi;qap/tai15a.dat;alg;395612
apso-bi;qap/tai15a.dat;alg;395664
apso-i;qap/tai15a.dat;alg;388250
apso-i;qap/tai15a.dat;alg;389198
apso-i;qap/tai15a.dat;alg;389252
apso-i;qap/tai15a.dat;alg;389473
apso-i;qap/tai15a.dat;alg;389631
apso-i;qap/tai15a.dat;alg;390012
apso-i;qap/tai15a.dat;alg;390108
apso-i;qap/tai15a.dat;alg;390722
apso-i;qap/tai15a.dat;alg;391143
apso-i;qap/tai15a.dat;alg;391293
apso-i;qap/tai15a.dat;alg;391384
apso-i;qap/tai15a.dat;alg;391642
apso-i;qap/tai15a.dat;alg;392373
apso-i;qap/tai15a.dat;alg;392762
apso-i;qap/tai15a.dat;alg;392800
apso-i;qap/tai15a.dat;alg;392982
apso-i;qap/tai15a.dat;alg;393286
apso-i;qap/tai15a.dat;alg;393531
apso-i;qap/tai15a.dat;alg;393619
apso-i;qap/tai15a.dat;alg;393740
pso-rk;qap/tai15a.dat;rk;396100
pso-rk;qap/tai15a.dat;rk;399080
pso-rk;qap/tai15a.dat;rk;400071
pso-rk;qap/tai15a.dat;rk;400466
pso-rk;qap/tai15a.dat;rk;400980
pso-rk;qap/tai15a.dat;rk;401155
pso-rk;qap/tai15a.dat;rk;401231
pso-rk;qap/tai15a.dat;rk;401719
pso-rk;qap/tai15a.dat;rk;402485
pso-rk;qap/tai15a.dat;rk;402565
pso-rk;qap/tai15a.dat;rk;403184
pso-rk;qap/tai15a.dat;rk;403295
pso-rk;qap/tai15a.dat;rk;403602
pso-rk;qap/tai15a.dat;rk;403791
pso-rk;qap/tai15a.dat;rk;404272
pso-rk;qap/tai15a.dat;rk;404688
pso-rk;qap/tai15a.dat;rk;406404
pso-rk;qap/tai15a.dat;rk;407670
pso-rk;qap/tai15a.dat;rk;407766
pso-rk;qap/tai15a.dat;rk;407996
pso-rki;qap/tai15a.dat;rk;407946
pso-rki;qap/tai15a.dat;rk;408785
pso-rki;qap/tai15a.dat;rk;409287
pso-rki;qap/tai15a.dat;rk;409488
pso-rki;qap/tai15a.dat;rk;409874
pso-rki;qap/tai15a.dat;rk;413891
pso-rki;qap/tai15a.dat;rk;413986
pso-rki;qap/tai15a.dat;rk;414122
pso-rki;qap/tai15a.dat;rk;414756
pso-rki;qap/tai15a.dat;rk;415508
pso-rki;qap/tai15a.dat;rk;415653
pso-rki;qap/tai15a.dat;rk;415995
pso-rki;qap/tai15a.dat;rk;416093
pso-rki;qap/tai15a.dat;rk;416954
pso-rki;qap/tai15a.dat;rk;417711
pso-rki;qap/tai15a.dat;rk;418890
pso-rki;qap/tai15a.dat;rk;419177
pso-rki;qap/tai15a.dat;rk;419238
pso-rki;qap/tai15a.dat;rk;419956
pso-rki;qap/tai15a.dat;rk;422588
apso;qap/tai15b.dat;alg;51805273
apso;qap/tai15b.dat;alg;51805383
apso;qap/tai15b.dat;alg;51806362
apso;qap/tai15b.dat;alg;51809580
apso;qap/tai15b.dat;alg;51817357
apso;qap/tai15b.dat;alg;51817628
apso;qap/tai15b.dat;alg;51826259
apso;qap/tai15b.dat;alg;51832558
apso;qap/tai15b.dat;alg;51836366
apso;qap/tai15b.dat;alg;51838283
apso;qap/tai15b.dat;alg;51838891
apso;qap/tai15b.dat;alg;51854371
apso;qap/tai15b.dat;alg;51864362
apso;qap/tai15b.dat;alg;51865384
apso;qap/tai15b.dat;alg;51865589
apso;qap/tai15b.dat;alg;51880249
apso;qap/tai15b.dat;alg;51884439
apso;qap/tai15b.dat;alg;51885393
apso;qap/tai15b.dat;alg;51887648
apso;qap/tai15b.dat;alg;51893738
apso-b;qap/tai15b.dat;alg;51765268
apso-b;qap/tai15b.dat;alg;51765268
apso-b;qap/tai15b.dat;alg;51765268
apso-b;qap/tai15b.dat;alg;51765268
apso-b;qap/tai15b.dat;alg;51765268
apso-b;qap/tai15b.dat;alg;51784867
apso-b;qap/tai15b.dat;alg;51824872
apso-b;qap/tai15b.dat;alg;51838283
apso-b;qap/tai15b.dat;alg;51838891
apso-b;qap/tai15b.dat;alg;51838891
apso-b;qap/tai15b.dat;alg;51881760
apso-b;qap/tai15b.dat;alg;51896581
apso-b;qap/tai15b.dat;alg;51917122
apso-b;qap/tai15b.dat;alg;51934654
apso-b;qap/tai15b.dat;alg;51935748
apso-b;qap/tai15b.dat;alg;51954367
apso-b;qap/tai15b.dat;alg;51957067
apso-b;qap/tai15b.dat;alg;51960800
apso-b;qap/tai15b.dat;alg;51969367
apso-b;qap/tai15b.dat;alg;52016615
apso-bi;qap/tai15b.dat;alg;51765268
apso-bi;qap/tai15b.dat;alg;51765268
apso-bi;qap/tai15b.dat;alg;51765268
apso-bi;qap/tai15b.dat;alg;51765268
apso-bi;qap/tai15b.dat;alg;51784867
apso-bi;qap/tai15b.dat;alg;51784867
apso-bi;qap/tai15b.dat;alg;51784867
apso-bi;qap/tai15b.dat;alg;51784867
apso-bi;qap/tai15b.dat;alg;51786763
apso-bi;qap/tai15b.dat;alg;51786763
apso-bi;qap/tai15b.dat;alg;51786763
apso-bi;qap/tai15b.dat;alg;51786763
apso-bi;qap/tai15b.dat;alg;51805273
apso-bi;qap/tai15b.dat;alg;51805273
apso-bi;qap/tai15b.dat;alg;51806362
apso-bi;qap/tai15b.dat;alg;51815037
apso-bi;qap/tai15b.dat;alg;51824872
apso-bi;qap/tai15b.dat;alg;51830889
apso-bi;qap/tai15b.dat;alg;51838283
apso-bi;qap/tai15b.dat;alg;51838283
apso-i;qap/tai15b.dat;alg;51765268
apso-i;qap/tai15b.dat;alg;51766193
apso-i;qap/tai15b.dat;alg;51768434
apso-i;qap/tai15b.dat;alg;51784266
apso-i;qap/tai15b.dat;alg;51784867
apso-i;qap/tai15b.dat;alg;51786763
apso-i;qap/tai15b.dat;alg;51792455
apso-i;qap/tai15b.dat;alg;51794355
apso-i;qap/tai15b.dat;alg;51796085
apso-i;qap/tai15b.dat;alg;51803412
apso-i;qap/tai15b.dat;alg;51804622
apso-i;qap/tai15b.dat;alg;51804742
apso-i;qap/tai15b.dat;alg;51806362
apso-i;qap/tai15b.dat;alg;51813179
apso-i;qap/tai15b.dat;alg;51817797
apso-i;qap/tai15b.dat;alg;51820870
apso-i;qap/tai15b.dat;alg;51828217
apso-i;qap/tai15b.dat;alg;51829070
apso-i;qap/tai15b.dat;alg;51840006
apso-i;qap/tai15b.dat;alg;51847475
pso-rk;qap/tai15b.dat;rk;52024238
pso-rk;qap/tai15b.dat;rk;52025556
pso-rk;qap/tai15b.dat;rk;52026402
pso-rk;qap/tai15b.dat;rk;52030534
pso-rk;qap/tai15b.dat;rk;52034220
pso-rk;qap/tai15b.dat;rk;52037996
pso-rk;qap/tai15b.dat;rk;52042370
pso-rk;qap/tai15b.dat;rk;52047584
pso-rk;qap/tai15b.dat;rk;52049185
pso-rk;qap/tai15b.dat;rk;52049939
pso-rk;qap/tai15b.dat;rk;52054251
pso-rk;qap/tai15b.dat;rk;52056637
pso-rk;qap/tai15b.dat;rk;52061472
pso-rk;qap/tai15b.dat;rk;52062182
pso-rk;qap/tai15b.dat;rk;52077898
pso-rk;qap/tai15b.dat;rk;52078231
pso-rk;qap/tai15b.dat;rk;52088323
pso-rk;qap/tai15b.dat;rk;52089583
pso-rk;qap/tai15b.dat;rk;52093161
pso-rk;qap/tai15b.dat;rk;52094719
pso-rki;qap/tai15b.dat;rk;52039693
pso-rki;qap/tai15b.dat;rk;52043804
pso-rki;qap/tai15b.dat;rk;52049316
pso-rki;qap/tai15b.dat;rk;52049944
pso-rki;qap/tai15b.dat;rk;52059091
pso-rki;qap/tai15b.dat;rk;52061408
pso-rki;qap/tai15b.dat;rk;52066804
pso-rki;qap/tai15b.dat;rk;52072248
pso-rki;qap/tai15b.dat;rk;52075569
pso-rki;qap/tai15b.dat;rk;52086641
pso-rki;qap/tai15b.dat;rk;52098708
pso-rki;qap/tai15b.dat;rk;52102539
pso-rki;qap/tai15b.dat;rk;52105051
pso-rki;qap/tai15b.dat;rk;52119445
pso-rki;qap/tai15b.dat;rk;52174696
pso-rki;qap/tai15b.dat;rk;52175198
pso-rki;qap/tai15b.dat;rk;52177198
pso-rki;qap/tai15b.dat;rk;52178852
pso-rki;qap/tai15b.dat;rk;52186615
pso-rki;qap/tai15b.dat;rk;52188337
apso;qap/tai40a.dat;alg;3360636
apso;qap/tai40a.dat;alg;3361741
apso;qap/tai40a.dat;alg;3362296
apso;qap/tai40a.dat;alg;3367142
apso;qap/tai40a.dat;alg;3367713
apso;qap/tai40a.dat;alg;3369955
apso;qap/tai40a.dat;alg;3371798
apso;qap/tai40a.dat;alg;3373000
apso;qap/tai40a.dat;alg;3373324
apso;qap/tai40a.dat;alg;3374999
apso;qap/tai40a.dat;alg;3375997
apso;qap/tai40a.dat;alg;3377329
apso;qap/tai40a.dat;alg;3378058
apso;qap/tai40a.dat;alg;3378079
apso;qap/tai40a.dat;alg;3378320
apso;qap/tai40a.dat;alg;3381640
apso;qap/tai40a.dat;alg;3388370
apso;qap/tai40a.dat;alg;3391890
apso;qap/tai40a.dat;alg;3396155
apso;qap/tai40a.dat;alg;3398976
apso-b;qap/tai40a.dat;alg;3343756
apso-b;qap/tai40a.dat;alg;3344774
apso-b;qap/tai40a.dat;alg;3349828
apso-b;qap/tai40a.dat;alg;3357570
apso-b;qap/tai40a.dat;alg;3364848
apso-b;qap/tai40a.dat;alg;3366050
apso-b;qap/tai40a.dat;alg;3366278
apso-b;qap/tai40a.dat;alg;3369320
apso-b;qap/tai40a.dat;alg;3370276
apso-b;qap/tai40a.dat;alg;3370504
apso-b;qap/tai40a.dat;alg;3372516
apso-b;qap/tai40a.dat;alg;3372864
apso-b;qap/tai40a.dat;alg;3373498
apso-b;qap/tai40a.dat;alg;3373794
apso-b;qap/tai40a.dat;alg;3373920
apso-b;qap/tai40a.dat;alg;3379928
apso-b;qap/tai40a.dat;alg;3380446
apso-b;qap/tai40a.dat;alg;3388558
apso-b;qap/tai40a.dat;alg;3388580
apso-b;qap/tai40a.dat;alg;3389614
apso-bi;qap/tai40a.dat;alg;3339846
apso-bi;qap/tai40a.dat;alg;3342992
apso-bi;qap/tai40a.dat;alg;3343082
apso-bi;qap/tai40a.dat;alg;3345940
apso-bi;qap/tai40a.dat;alg;3348950
apso-bi;qap/tai40a.dat;alg;3350994
apso-bi;qap/tai40a.dat;alg;3353914
apso-bi;qap/tai40a.dat;alg;3355014
apso-bi;qap/tai40a.dat;alg;3356302
apso-bi;qap/tai40a.dat;alg;3357214
apso-bi;qap/tai40a.dat;alg;3358028
apso-bi;qap/tai40a.dat;alg;3358188
apso-bi;qap/tai40a.dat;alg;3359904
apso-bi;qap/tai40a.dat;alg;3362292
apso-bi;qap/tai40a.dat;alg;3363188
apso-bi;qap/tai40a.dat;alg;3363704
apso-bi;qap/tai40a.dat;alg;3371626
apso-bi;qap/tai40a.dat;alg;3372930
apso-bi;qap/tai40a.dat;alg;3376120
apso-bi;qap/tai40a.dat;alg;3377380
apso-i;qap/tai40a.dat;alg;3340534
apso-i;qap/tai40a.dat;alg;3342630
apso-i;qap/tai40a.dat;alg;3342936
apso-i;qap/tai40a.dat;alg;3343099
apso-i;qap/tai40a.dat;alg;3344696
apso-i;qap/tai40a.dat;alg;3349566
apso-i;qap/tai40a.dat;alg;3352367
apso-i;qap/tai40a.dat;alg;3353466
apso-i;qap/tai40a.dat;alg;3354827
apso-i;qap/tai40a.dat;alg;3355728
apso-i;qap/tai40a.dat;alg;3359914
apso-i;qap/tai40a.dat;alg;3360166
apso-i;qap/tai40a.dat;alg;3360948
apso-i;qap/tai40a.dat;alg;3361800
apso-i;qap/tai40a.dat;alg;3362126
apso-i;qap/tai40a.dat;alg;3362930
apso-i;qap/tai40a.dat;alg;3363418
apso-i;qap/tai40a.dat;alg;3365299
apso-i;qap/tai40a.dat;alg;3365759
apso-i;qap/tai40a.dat;alg;3366590
pso-rk;qap/tai40a.dat;rk;3371278
pso-rk;qap/tai40a.dat;rk;3371759
pso-rk;qap/tai40a.dat;rk;3375471
pso-rk;qap/tai40a.dat;rk;3375643
pso-rk;qap/tai40a.dat;rk;3381501
pso-rk;qap/tai40a.dat;rk;3383875
pso-rk;qap/tai40a.dat;rk;3388908
pso-rk;qap/tai40a.dat;rk;3403286
pso-rk;qap/tai40a.dat;rk;3414412
pso-rk;qap/tai40a.dat;rk;3420674
pso-rk;qap/tai40a.dat;rk;3420677
pso-rk;qap/tai40a.dat;rk;3426797
pso-rk;qap/tai40a.dat;rk;3427299
pso-rk;qap/tai40a.dat;rk;3429922
pso-rk;qap/tai40a.dat;rk;3435719
pso-rk;qap/tai40a.dat;rk;3439687
pso-rk;qap/tai40a.dat;rk;3442322
pso-rk;qap/tai40a.dat;rk;3443532
pso-rk;qap/tai40a.dat;rk;3456536
pso-rk;qap/tai40a.dat;rk;3463030
pso-rki;qap/tai40a.dat;rk;3498684
pso-rki;qap/tai40a.dat;rk;3499721
pso-rki;qap/tai40a.dat;rk;3502163
pso-rki;qap/tai40a.dat;rk;3503284
pso-rki;qap/tai40a.dat;rk;3503980
pso-rki;qap/tai40a.dat;rk;3507698
pso-rki;qap/tai40a.dat;rk;3513586
pso-rki;qap/tai40a.dat;rk;3516955
pso-rki;qap/tai40a.dat;rk;3520980
pso-rki;qap/tai40a.dat;rk;3522722
pso-rki;qap/tai40a.dat;rk;3525707
pso-rki;qap/tai40a.dat;rk;3530372
pso-rki;qap/tai40a.dat;rk;3537625
pso-rki;qap/tai40a.dat;rk;3538394
pso-rki;qap/tai40a.dat;rk;3539379
pso-rki;qap/tai40a.dat;rk;3539982
pso-rki;qap/tai40a.dat;rk;3540650
pso-rki;qap/tai40a.dat;rk;3542445
pso-rki;qap/tai40a.dat;rk;3543932
pso-rki;qap/tai40a.dat;rk;3544148
apso;qap/tai40b.dat;alg;704458970
apso;qap/tai40b.dat;alg;706245645
apso;qap/tai40b.dat;alg;706819168
apso;qap/tai40b.dat;alg;708676817
apso;qap/tai40b.dat;alg;711663960
apso;qap/tai40b.dat;alg;711697037
apso;qap/tai40b.dat;alg;711894732
apso;qap/tai40b.dat;alg;715197172
apso;qap/tai40b.dat;alg;716096659
apso;qap/tai40b.dat;alg;716915519
apso;qap/tai40b.dat;alg;717199362
apso;qap/tai40b.dat;alg;718059291
apso;qap/tai40b.dat;alg;724352635
apso;qap/tai40b.dat;alg;726293991
apso;qap/tai40b.dat;alg;731520974
apso;qap/tai40b.dat;alg;741122227
apso;qap/tai40b.dat;alg;749694516
apso;qap/tai40b.dat;alg;751429879
apso;qap/tai40b.dat;alg;755071804
apso;qap/tai40b.dat;alg;756105212
apso-b;qap/tai40b.dat;alg;697963079
apso-b;qap/tai40b.dat;alg;699395727
apso-b;qap/tai40b.dat;alg;699877994
apso-b;qap/tai40b.dat;alg;706350172
apso-b;qap/tai40b.dat;alg;708668655
apso-b;qap/tai40b.dat;alg;709998501
apso-b;qap/tai40b.dat;alg;711270436
apso-b;qap/tai40b.dat;alg;723551141
apso-b;qap/tai40b.dat;alg;725638846
apso-b;qap/tai40b.dat;alg;726959318
apso-b;qap/tai40b.dat;alg;727992419
apso-b;qap/tai40b.dat;alg;729525464
apso-b;qap/tai40b.dat;alg;737155315
apso-b;qap/tai40b.dat;alg;738484984
apso-b;qap/tai40b.dat;alg;742934236
apso-b;qap/tai40b.dat;alg;744941770
apso-b;qap/tai40b.dat;alg;747247367
apso-b;qap/tai40b.dat;alg;752369605
apso-b;qap/tai40b.dat;alg;755978790
apso-b;qap/tai40b.dat;alg;781402185
apso-bi;qap/tai40b.dat;alg;654768846
apso-bi;qap/tai40b.dat;alg;678083466
apso-bi;qap/tai40b.dat;alg;682835420
apso-bi;qap/tai40b.dat;alg;683205056
apso-bi;qap/tai40b.dat;alg;683541598
apso-bi;qap/tai40b.dat;alg;686415353
apso-bi;qap/tai40b.dat;alg;687609727
apso-bi;qap/tai40b.dat;alg;687869506
apso-bi;qap/tai40b.dat;alg;687926375
apso-bi;qap/tai40b.dat;alg;688727354
apso-bi;qap/tai40b.dat;alg;689303546
apso-bi;qap/tai40b.dat;alg;691904863
apso-bi;qap/tai40b.dat;alg;693907743
apso-bi;qap/tai40b.dat;alg;694240442
apso-bi;qap/tai40b.dat;alg;694741869
apso-bi;qap/tai40b.dat;alg;694845406
apso-bi;qap/tai40b.dat;alg;698230592
apso-bi;qap/tai40b.dat;alg;698387042
apso-bi;qap/tai40b.dat;alg;700842037
apso-bi;qap/tai40b.dat;alg;701410679
apso-i;qap/tai40b.dat;alg;667061529
apso-i;qap/tai40b.dat;alg;670048965
apso-i;qap/tai40b.dat;alg;672962608
apso-i;qap/tai40b.dat;alg;674652178
apso-i;qap/tai40b.dat;alg;685479904
apso-i;qap/tai40b.dat;alg;690051920
apso-i;qap/tai40b.dat;alg;691558682
apso-i;qap/tai40b.dat;alg;695257660
apso-i;qap/tai40b.dat;alg;701185599
apso-i;qap/tai40b.dat;alg;702704587
apso-i;qap/tai40b.dat;alg;704238811
apso-i;qap/tai40b.dat;alg;707602140
apso-i;qap/tai40b.dat;alg;708111981
apso-i;qap/tai40b.dat;alg;715817983
apso-i;qap/tai40b.dat;alg;718025997
apso-i;qap/tai40b.dat;alg;720501369
apso-i;qap/tai40b.dat;alg;723651772
apso-i;qap/tai40b.dat;alg;725702005
apso-i;qap/tai40b.dat;alg;737905938
apso-i;qap/tai40b.dat;alg;739593645
pso-rk;qap/tai40b.dat;rk;736546828
pso-rk;qap/tai40b.dat;rk;736556159
pso-rk;qap/tai40b.dat;rk;739808164
pso-rk;qap/tai40b.dat;rk;742142216
pso-rk;qap/tai40b.dat;rk;742554037
pso-rk;qap/tai40b.dat;rk;743686632
pso-rk;qap/tai40b.dat;rk;747548323
pso-rk;qap/tai40b.dat;rk;748295185
pso-rk;qap/tai40b.dat;rk;749554950
pso-rk;qap/tai40b.dat;rk;752004991
pso-rk;qap/tai40b.dat;rk;754074011
pso-rk;qap/tai40b.dat;rk;754956836
pso-rk;qap/tai40b.dat;rk;759529561
pso-rk;qap/tai40b.dat;rk;764136942
pso-rk;qap/tai40b.dat;rk;765537884
pso-rk;qap/tai40b.dat;rk;765671943
pso-rk;qap/tai40b.dat;rk;768874119
pso-rk;qap/tai40b.dat;rk;769280083
pso-rk;qap/tai40b.dat;rk;772298567
pso-rk;qap/tai40b.dat;rk;780513545
pso-rki;qap/tai40b.dat;rk;805378279
pso-rki;qap/tai40b.dat;rk;806458814
pso-rki;qap/tai40b.dat;rk;809397510
pso-rki;qap/tai40b.dat;rk;810429869
pso-rki;qap/tai40b.dat;rk;811393474
pso-rki;qap/tai40b.dat;rk;812154571
pso-rki;qap/tai40b.dat;rk;812994533
pso-rki;qap/tai40b.dat;rk;815559521
pso-rki;qap/tai40b.dat;rk;816070892
pso-rki;qap/tai40b.dat;rk;816269811
pso-rki;qap/tai40b.dat;rk;818136135
pso-rki;qap/tai40b.dat;rk;819688378
pso-rki;qap/tai40b.dat;rk;822900286
pso-rki;qap/tai40b.dat;rk;824064682
pso-rki;qap/tai40b.dat;rk;824159029
pso-rki;qap/tai40b.dat;rk;825865627
pso-rki;qap/tai40b.dat;rk;826560772
pso-rki;qap/tai40b.dat;rk;829036975
pso-rki;qap/tai40b.dat;rk;830329161
pso-rki;qap/tai40b.dat;rk;836130997
apso;tsp/bays29.tsp;alg;2162
apso;tsp/bays29.tsp;alg;2208
apso;tsp/bays29.tsp;alg;2236
apso;tsp/bays29.tsp;alg;2243
apso;tsp/bays29.tsp;alg;2247
apso;tsp/bays29.tsp;alg;2268
apso;tsp/bays29.tsp;alg;2321
apso;tsp/bays29.tsp;alg;2325
apso;tsp/bays29.tsp;alg;2328
apso;tsp/bays29.tsp;alg;2331
apso;tsp/bays29.tsp;alg;2371
apso;tsp/bays29.tsp;alg;2383
apso;tsp/bays29.tsp;alg;2407
apso;tsp/bays29.tsp;alg;2411
apso;tsp/bays29.tsp;alg;2460
apso;tsp/bays29.tsp;alg;2463
apso;tsp/bays29.tsp;alg;2507
apso;tsp/bays29.tsp;alg;2514
apso;tsp/bays29.tsp;alg;2549
apso;tsp/bays29.tsp;alg;2550
apso-b;tsp/bays29.tsp;alg;2224
apso-b;tsp/bays29.tsp;alg;2280
apso-b;tsp/bays29.tsp;alg;2286
apso-b;tsp/bays29.tsp;alg;2349
apso-b;tsp/bays29.tsp;alg;2362
apso-b;tsp/bays29.tsp;alg;2413
apso-b;tsp/bays29.tsp;alg;2418
apso-b;tsp/bays29.tsp;alg;2489
apso-b;tsp/bays29.tsp;alg;2489
apso-b;tsp/bays29.tsp;alg;2500
apso-b;tsp/bays29.tsp;alg;2507
apso-b;tsp/bays29.tsp;alg;2537
apso-b;tsp/bays29.tsp;alg;2542
apso-b;tsp/bays29.tsp;alg;2164
apso-b;tsp/bays29.tsp;alg;2234
apso-b;tsp/bays29.tsp;alg;2340
apso-b;tsp/bays29.tsp;alg;2273
apso-b;tsp/bays29.tsp;alg;2208
apso-b;tsp/bays29.tsp;alg;2856
apso-b;tsp/bays29.tsp;alg;2897
apso-bi;tsp/bays29.tsp;alg;2204
apso-bi;tsp/bays29.tsp;alg;2214
apso-bi;tsp/bays29.tsp;alg;2218
apso-bi;tsp/bays29.tsp;alg;2229
apso-bi;tsp/bays29.tsp;alg;2238
apso-bi;tsp/bays29.tsp;alg;2266
apso-bi;tsp/bays29.tsp;alg;2270
apso-bi;tsp/bays29.tsp;alg;2292
apso-bi;tsp/bays29.tsp;alg;2294
apso-bi;tsp/bays29.tsp;alg;2303
apso-bi;tsp/bays29.tsp;alg;2305
apso-bi;tsp/bays29.tsp;alg;2310
apso-bi;tsp/bays29.tsp;alg;2325
apso-bi;tsp/bays29.tsp;alg;2330
apso-bi;tsp/bays29.tsp;alg;2336
apso-bi;tsp/bays29.tsp;alg;2352
apso-bi;tsp/bays29.tsp;alg;2374
apso-bi;tsp/bays29.tsp;alg;2398
apso-bi;tsp/bays29.tsp;alg;2408
apso-bi;tsp/bays29.tsp;alg;2411
apso-i;tsp/bays29.tsp;alg;2276
apso-i;tsp/bays29.tsp;alg;2296
apso-i;tsp/bays29.tsp;alg;2310
apso-i;tsp/bays29.tsp;alg;2340
apso-i;tsp/bays29.tsp;alg;2345
apso-i;tsp/bays29.tsp;alg;2348
apso-i;tsp/bays29.tsp;alg;2375
apso-i;tsp/bays29.tsp;alg;2390
apso-i;tsp/bays29.tsp;alg;2402
apso-i;tsp/bays29.tsp;alg;2417
apso-i;tsp/bays29.tsp;alg;2425
apso-i;tsp/bays29.tsp;alg;2438
apso-i;tsp/bays29.tsp;alg;2449
apso-i;tsp/bays29.tsp;alg;2454
apso-i;tsp/bays29.tsp;alg;2479
apso-i;tsp/bays29.tsp;alg;2489
apso-i;tsp/bays29.tsp;alg;2494
apso-i;tsp/bays29.tsp;alg;2496
apso-i;tsp/bays29.tsp;alg;2498
apso-i;tsp/bays29.tsp;alg;2517
pso-rk;tsp/bays29.tsp;rk;2796
pso-rk;tsp/bays29.tsp;rk;2825
pso-rk;tsp/bays29.tsp;rk;2871
pso-rk;tsp/bays29.tsp;rk;2883
pso-rk;tsp/bays29.tsp;rk;2897
pso-rk;tsp/bays29.tsp;rk;2903
pso-rk;tsp/bays29.tsp;rk;2948
pso-rk;tsp/bays29.tsp;rk;2974
pso-rk;tsp/bays29.tsp;rk;2990
pso-rk;tsp/bays29.tsp;rk;2995
pso-rk;tsp/bays29.tsp;rk;3030
pso-rk;tsp/bays29.tsp;rk;3041
pso-rk;tsp/bays29.tsp;rk;3042
pso-rk;tsp/bays29.tsp;rk;3076
pso-rk;tsp/bays29.tsp;rk;3099
pso-rk;tsp/bays29.tsp;rk;3139
pso-rk;tsp/bays29.tsp;rk;3153
pso-rk;tsp/bays29.tsp;rk;3178
pso-rk;tsp/bays29.tsp;rk;3205
pso-rk;tsp/bays29.tsp;rk;3212
pso-rki;tsp/bays29.tsp;rk;2789
pso-rki;tsp/bays29.tsp;rk;2816
pso-rki;tsp/bays29.tsp;rk;2830
pso-rki;tsp/bays29.tsp;rk;2875
pso-rki;tsp/bays29.tsp;rk;2914
pso-rki;tsp/bays29.tsp;rk;2924
pso-rki;tsp/bays29.tsp;rk;2940
pso-rki;tsp/bays29.tsp;rk;2945
pso-rki;tsp/bays29.tsp;rk;3011
pso-rki;tsp/bays29.tsp;rk;3034
pso-rki;tsp/bays29.tsp;rk;3035
pso-rki;tsp/bays29.tsp;rk;3051
pso-rki;tsp/bays29.tsp;rk;3087
pso-rki;tsp/bays29.tsp;rk;3098
pso-rki;tsp/bays29.tsp;rk;3132
pso-rki;tsp/bays29.tsp;rk;3150
pso-rki;tsp/bays29.tsp;rk;3199
pso-rki;tsp/bays29.tsp;rk;3300
pso-rki;tsp/bays29.tsp;rk;3333
pso-rki;tsp/bays29.tsp;rk;3346
apso;tsp/berlin52.tsp;alg;12851
apso;tsp/berlin52.tsp;alg;12940
apso;tsp/berlin52.tsp;alg;13064
apso;tsp/berlin52.tsp;alg;13273
apso;tsp/berlin52.tsp;alg;13320
apso;tsp/berlin52.tsp;alg;13373
apso;tsp/berlin52.tsp;alg;13428
apso;tsp/berlin52.tsp;alg;13509
apso;tsp/berlin52.tsp;alg;13597
apso;tsp/berlin52.tsp;alg;13690
apso;tsp/berlin52.tsp;alg;13838
apso;tsp/berlin52.tsp;alg;13945
apso;tsp/berlin52.tsp;alg;13952
apso;tsp/berlin52.tsp;alg;13971
apso;tsp/berlin52.tsp;alg;14003
apso;tsp/berlin52.tsp;alg;14050
apso;tsp/berlin52.tsp;alg;14151
apso;tsp/berlin52.tsp;alg;14207
apso;tsp/berlin52.tsp;alg;14230
apso;tsp/berlin52.tsp;alg;14391
apso-b;tsp/berlin52.tsp;alg;12676
apso-b;tsp/berlin52.tsp;alg;13082
apso-b;tsp/berlin52.tsp;alg;13616
apso-b;tsp/berlin52.tsp;alg;13698
apso-b;tsp/berlin52.tsp;alg;13733
apso-b;tsp/berlin52.tsp;alg;13781
apso-b;tsp/berlin52.tsp;alg;13826
apso-b;tsp/berlin52.tsp;alg;13934
apso-b;tsp/berlin52.tsp;alg;14246
apso-b;tsp/berlin52.tsp;alg;14454
apso-b;tsp/berlin52.tsp;alg;14507
apso-b;tsp/berlin52.tsp;alg;11674
apso-b;tsp/berlin52.tsp;alg;11702
apso-b;tsp/berlin52.tsp;alg;14765
apso-b;tsp/berlin52.tsp;alg;14854
apso-b;tsp/berlin52.tsp;alg;14940
apso-b;tsp/berlin52.tsp;alg;13082
apso-b;tsp/berlin52.tsp;alg;12102
apso-b;tsp/berlin52.tsp;alg;12331
apso-b;tsp/berlin52.tsp;alg;13082
apso-bi;tsp/berlin52.tsp;alg;11860
apso-bi;tsp/berlin52.tsp;alg;12243
apso-bi;tsp/berlin52.tsp;alg;12470
apso-bi;tsp/berlin52.tsp;alg;12489
apso-bi;tsp/berlin52.tsp;alg;12529
apso-bi;tsp/berlin52.tsp;alg;12617
apso-bi;tsp/berlin52.tsp;alg;13118
apso-bi;tsp/berlin52.tsp;alg;13135
apso-bi;tsp/berlin52.tsp;alg;13141
apso-bi;tsp/berlin52.tsp;alg;13149
apso-bi;tsp/berlin52.tsp;alg;13261
apso-bi;tsp/berlin52.tsp;alg;13316
apso-bi;tsp/berlin52.tsp;alg;13355
apso-bi;tsp/berlin52.tsp;alg;13385
apso-bi;tsp/berlin52.tsp;alg;13394
apso-bi;tsp/berlin52.tsp;alg;13437
apso-bi;tsp/berlin52.tsp;alg;13621
apso-bi;tsp/berlin52.tsp;alg;13658
apso-bi;tsp/berlin52.tsp;alg;14008
apso-bi;tsp/berlin52.tsp;alg;14399
apso-i;tsp/berlin52.tsp;alg;13312
apso-i;tsp/berlin52.tsp;alg;13338
apso-i;tsp/berlin52.tsp;alg;13392
apso-i;tsp/berlin52.tsp;alg;13456
apso-i;tsp/berlin52.tsp;alg;13487
apso-i;tsp/berlin52.tsp;alg;13604
apso-i;tsp/berlin52.tsp;alg;13660
apso-i;tsp/berlin52.tsp;alg;13661
apso-i;tsp/berlin52.tsp;alg;13810
apso-i;tsp/berlin52.tsp;alg;13845
apso-i;tsp/berlin52.tsp;alg;13938
apso-i;tsp/berlin52.tsp;alg;13942
apso-i;tsp/berlin52.tsp;alg;13957
apso-i;tsp/berlin52.tsp;alg;13998
apso-i;tsp/berlin52.tsp;alg;14088
apso-i;tsp/berlin52.tsp;alg;14223
apso-i;tsp/berlin52.tsp;alg;14225
apso-i;tsp/berlin52.tsp;alg;14454
apso-i;tsp/berlin52.tsp;alg;14507
apso-i;tsp/berlin52.tsp;alg;14586
pso-rk;tsp/berlin52.tsp;rk;16701
pso-rk;tsp/berlin52.tsp;rk;16753
pso-rk;tsp/berlin52.tsp;rk;16781
pso-rk;tsp/berlin52.tsp;rk;16930
pso-rk;tsp/berlin52.tsp;rk;17049
pso-rk;tsp/berlin52.tsp;rk;17163
pso-rk;tsp/berlin52.tsp;rk;17867
pso-rk;tsp/berlin52.tsp;rk;18116
pso-rk;tsp/berlin52.tsp;rk;18321
pso-rk;tsp/berlin52.tsp;rk;18571
pso-rk;tsp/berlin52.tsp;rk;18803
pso-rk;tsp/berlin52.tsp;rk;18945
pso-rk;tsp/berlin52.tsp;rk;18963
pso-rk;tsp/berlin52.tsp;rk;18996
pso-rk;tsp/berlin52.tsp;rk;19194
pso-rk;tsp/berlin52.tsp;rk;19301
pso-rk;tsp/berlin52.tsp;rk;19304
pso-rk;tsp/berlin52.tsp;rk;19333
pso-rk;tsp/berlin52.tsp;rk;19472
pso-rk;tsp/berlin52.tsp;rk;19675
pso-rki;tsp/berlin52.tsp;rk;17298
pso-rki;tsp/berlin52.tsp;rk;17337
pso-rki;tsp/berlin52.tsp;rk;17494
pso-rki;tsp/berlin52.tsp;rk;17523
pso-rki;tsp/berlin52.tsp;rk;17535
pso-rki;tsp/berlin52.tsp;rk;17566
pso-rki;tsp/berlin52.tsp;rk;17607
pso-rki;tsp/berlin52.tsp;rk;17710
pso-rki;tsp/berlin52.tsp;rk;17745
pso-rki;tsp/berlin52.tsp;rk;18285
pso-rki;tsp/berlin52.tsp;rk;18499
pso-rki;tsp/berlin52.tsp;rk;18650
pso-rki;tsp/berlin52.tsp;rk;18696
pso-rki;tsp/berlin52.tsp;rk;18793
pso-rki;tsp/berlin52.tsp;rk;19051
pso-rki;tsp/berlin52.tsp;rk;19276
pso-rki;tsp/berlin52.tsp;rk;19425
pso-rki;tsp/berlin52.tsp;rk;19518
pso-rki;tsp/berlin52.tsp;rk;19556
pso-rki;tsp/berlin52.tsp;rk;19773
apso;tsp/dantzig42.tsp;alg;1106
apso;tsp/dantzig42.tsp;alg;1110
apso;tsp/dantzig42.tsp;alg;1127
apso;tsp/dantzig42.tsp;alg;1133
apso;tsp/dantzig42.tsp;alg;1140
apso;tsp/dantzig42.tsp;alg;1141
apso;tsp/dantzig42.tsp;alg;1167
apso;tsp/dantzig42.tsp;alg;1171
apso;tsp/dantzig42.tsp;alg;1176
apso;tsp/dantzig42.tsp;alg;1197
apso;tsp/dantzig42.tsp;alg;1200
apso;tsp/dantzig42.tsp;alg;1213
apso;tsp/dantzig42.tsp;alg;1225
apso;tsp/dantzig42.tsp;alg;1230
apso;tsp/dantzig42.tsp;alg;1236
apso;tsp/dantzig42.tsp;alg;1245
apso;tsp/dantzig42.tsp;alg;1252
apso;tsp/dantzig42.tsp;alg;1253
apso;tsp/dantzig42.tsp;alg;1258
apso;tsp/dantzig42.tsp;alg;1267
apso-b;tsp/dantzig42.tsp;alg;993
apso-b;tsp/dantzig42.tsp;alg;1078
apso-b;tsp/dantzig42.tsp;alg;1126
apso-b;tsp/dantzig42.tsp;alg;1147
apso-b;tsp/dantzig42.tsp;alg;1150
apso-b;tsp/dantzig42.tsp;alg;1172
apso-b;tsp/dantzig42.tsp;alg;1184
apso-b;tsp/dantzig42.tsp;alg;1199
apso-b;tsp/dantzig42.tsp;alg;1203
apso-b;tsp/dantzig42.tsp;alg;1214
apso-b;tsp/dantzig42.tsp;alg;1231
apso-b;tsp/dantzig42.tsp;alg;1231
apso-b;tsp/dantzig42.tsp;alg;1243
apso-b;tsp/dantzig42.tsp;alg;1266
apso-b;tsp/dantzig42.tsp;alg;1282
apso-b;tsp/dantzig42.tsp;alg;1291
apso-b;tsp/dantzig42.tsp;alg;1301
apso-b;tsp/dantzig42.tsp;alg;1307
apso-b;tsp/dantzig42.tsp;alg;1067
apso-b;tsp/dantzig42.tsp;alg;993
apso-bi;tsp/dantzig42.tsp;alg;995
apso-bi;tsp/dantzig42.tsp;alg;1033
apso-bi;tsp/dantzig42.tsp;alg;1036
apso-bi;tsp/dantzig42.tsp;alg;1052
apso-bi;tsp/dantzig42.tsp;alg;1071
apso-bi;tsp/dantzig42.tsp;alg;1088
apso-bi;tsp/dantzig42.tsp;alg;1090
apso-bi;tsp/dantzig42.tsp;alg;1091
apso-bi;tsp/dantzig42.tsp;alg;1093
apso-bi;tsp/dantzig42.tsp;alg;1101
apso-bi;tsp/dantzig42.tsp;alg;974
apso-bi;tsp/dantzig42.tsp;alg;1115
apso-bi;tsp/dantzig42.tsp;alg;1121
apso-bi;tsp/dantzig42.tsp;alg;1132
apso-bi;tsp/dantzig42.tsp;alg;1001
apso-bi;tsp/dantzig42.tsp;alg;1054
apso-bi;tsp/dantzig42.tsp;alg;1019
apso-bi;tsp/dantzig42.tsp;alg;969
apso-bi;tsp/dantzig42.tsp;alg;998
apso-bi;tsp/dantzig42.tsp;alg;1106
apso-i;tsp/dantzig42.tsp;alg;1011
apso-i;tsp/dantzig42.tsp;alg;1016
apso-i;tsp/dantzig42.tsp;alg;1021
apso-i;tsp/dantzig42.tsp;alg;1023
apso-i;tsp/dantzig42.tsp;alg;1029
apso-i;tsp/dantzig42.tsp;alg;1030
apso-i;tsp/dantzig42.tsp;alg;1041
apso-i;tsp/dantzig42.tsp;alg;1051
apso-i;tsp/dantzig42.tsp;alg;1051
apso-i;tsp/dantzig42.tsp;alg;1056
apso-i;tsp/dantzig42.tsp;alg;1062
apso-i;tsp/dantzig42.tsp;alg;1063
apso-i;tsp/dantzig42.tsp;alg;1075
apso-i;tsp/dantzig42.tsp;alg;1075
apso-i;tsp/dantzig42.tsp;alg;1076
apso-i;tsp/dantzig42.tsp;alg;1110
apso-i;tsp/dantzig42.tsp;alg;1111
apso-i;tsp/dantzig42.tsp;alg;1115
apso-i;tsp/dantzig42.tsp;alg;1122
apso-i;tsp/dantzig42.tsp;alg;1140
pso-rk;tsp/dantzig42.tsp;rk;1106
pso-rk;tsp/dantzig42.tsp;rk;1126
pso-rk;tsp/dantzig42.tsp;rk;1144
pso-rk;tsp/dantzig42.tsp;rk;1145
pso-rk;tsp/dantzig42.tsp;rk;1150
pso-rk;tsp/dantzig42.tsp;rk;1166
pso-rk;tsp/dantzig42.tsp;rk;1185
pso-rk;tsp/dantzig42.tsp;rk;1195
pso-rk;tsp/dantzig42.tsp;rk;1213
pso-rk;tsp/dantzig42.tsp;rk;1267
pso-rk;tsp/dantzig42.tsp;rk;1272
pso-rk;tsp/dantzig42.tsp;rk;1280
pso-rk;tsp/dantzig42.tsp;rk;1284
pso-rk;tsp/dantzig42.tsp;rk;1289
pso-rk;tsp/dantzig42.tsp;rk;1299
pso-rk;tsp/dantzig42.tsp;rk;1309
pso-rk;tsp/dantzig42.tsp;rk;1317
pso-rk;tsp/dantzig42.tsp;rk;1320
pso-rk;tsp/dantzig42.tsp;rk;1348
pso-rk;tsp/dantzig42.tsp;rk;1365
pso-rki;tsp/dantzig42.tsp;rk;925
pso-rki;tsp/dantzig42.tsp;rk;926
pso-rki;tsp/dantzig42.tsp;rk;936
pso-rki;tsp/dantzig42.tsp;rk;942
pso-rki;tsp/dantzig42.tsp;rk;948
pso-rki;tsp/dantzig42.tsp;rk;949
pso-rki;tsp/dantzig42.tsp;rk;951
pso-rki;tsp/dantzig42.tsp;rk;952
pso-rki;tsp/dantzig42.tsp;rk;956
pso-rki;tsp/dantzig42.tsp;rk;970
pso-rki;tsp/dantzig42.tsp;rk;974
pso-rki;tsp/dantzig42.tsp;rk;993
pso-rki;tsp/dantzig42.tsp;rk;1009
pso-rki;tsp/dantzig42.tsp;rk;1014
pso-rki;tsp/dantzig42.tsp;rk;1014
pso-rki;tsp/dantzig42.tsp;rk;1015
pso-rki;tsp/dantzig42.tsp;rk;1018
pso-rki;tsp/dantzig42.tsp;rk;1038
pso-rki;tsp/dantzig42.tsp;rk;1050
pso-rki;tsp/dantzig42.tsp;rk;1052
apso;tsp/fri26.tsp;alg;1035
apso;tsp/fri26.tsp;alg;1047
apso;tsp/fri26.tsp;alg;1066
apso;tsp/fri26.tsp;alg;1069
apso;tsp/fri26.tsp;alg;1069
apso;tsp/fri26.tsp;alg;1071
apso;tsp/fri26.tsp;alg;1071
apso;tsp/fri26.tsp;alg;1075
apso;tsp/fri26.tsp;alg;1115
apso;tsp/fri26.tsp;alg;1118
apso;tsp/fri26.tsp;alg;1121
apso;tsp/fri26.tsp;alg;1122
apso;tsp/fri26.tsp;alg;1128
apso;tsp/fri26.tsp;alg;1136
apso;tsp/fri26.tsp;alg;1146
apso;tsp/fri26.tsp;alg;1147
apso;tsp/fri26.tsp;alg;1163
apso;tsp/fri26.tsp;alg;1165
apso;tsp/fri26.tsp;alg;1174
apso;tsp/fri26.tsp;alg;1176
apso-b;tsp/fri26.tsp;alg;1008
apso-b;tsp/fri26.tsp;alg;1031
apso-b;tsp/fri26.tsp;alg;1041
apso-b;tsp/fri26.tsp;alg;1048
apso-b;tsp/fri26.tsp;alg;1053
apso-b;tsp/fri26.tsp;alg;1058
apso-b;tsp/fri26.tsp;alg;1065
apso-b;tsp/fri26.tsp;alg;1071
apso-b;tsp/fri26.tsp;alg;1086
apso-b;tsp/fri26.tsp;alg;1089
apso-b;tsp/fri26.tsp;alg;1097
apso-b;tsp/fri26.tsp;alg;1114
apso-b;tsp/fri26.tsp;alg;1119
apso-b;tsp/fri26.tsp;alg;1162
apso-b;tsp/fri26.tsp;alg;1169
apso-b;tsp/fri26.tsp;alg;1017
apso-b;tsp/fri26.tsp;alg;1174
apso-b;tsp/fri26.tsp;alg;1005
apso-b;tsp/fri26.tsp;alg;1005
apso-b;tsp/fri26.tsp;alg;1301
apso-bi;tsp/fri26.tsp;alg;958
apso-bi;tsp/fri26.tsp;alg;971
apso-bi;tsp/fri26.tsp;alg;982
apso-bi;tsp/fri26.tsp;alg;998
apso-bi;tsp/fri26.tsp;alg;1012
apso-bi;tsp/fri26.tsp;alg;1024
apso-bi;tsp/fri26.tsp;alg;1027
apso-bi;tsp/fri26.tsp;alg;1034
apso-bi;tsp/fri26.tsp;alg;1034
apso-bi;tsp/fri26.tsp;alg;1037
apso-bi;tsp/fri26.tsp;alg;1042
apso-bi;tsp/fri26.tsp;alg;1042
apso-bi;tsp/fri26.tsp;alg;1042
apso-bi;tsp/fri26.tsp;alg;1046
apso-bi;tsp/fri26.tsp;alg;1067
apso-bi;tsp/fri26.tsp;alg;1069
apso-bi;tsp/fri26.tsp;alg;1076
apso-bi;tsp/fri26.tsp;alg;1085
apso-bi;tsp/fri26.tsp;alg;1106
apso-bi;tsp/fri26.tsp;alg;1107
apso-i;tsp/fri26.tsp;alg;993
apso-i;tsp/fri26.tsp;alg;994
apso-i;tsp/fri26.tsp;alg;994
apso-i;tsp/fri26.tsp;alg;1005
apso-i;tsp/fri26.tsp;alg;1011
apso-i;tsp/fri26.tsp;alg;1014
apso-i;tsp/fri26.tsp;alg;1015
apso-i;tsp/fri26.tsp;alg;1026
apso-i;tsp/fri26.tsp;alg;1034
apso-i;tsp/fri26.tsp;alg;1045
apso-i;tsp/fri26.tsp;alg;1053
apso-i;tsp/fri26.tsp;alg;1069
apso-i;tsp/fri26.tsp;alg;1070
apso-i;tsp/fri26.tsp;alg;1074
apso-i;tsp/fri26.tsp;alg;1075
apso-i;tsp/fri26.tsp;alg;1082
apso-i;tsp/fri26.tsp;alg;1087
apso-i;tsp/fri26.tsp;alg;1099
apso-i;tsp/fri26.tsp;alg;1102
apso-i;tsp/fri26.tsp;alg;1120
pso-rk;tsp/fri26.tsp;rk;1249
pso-rk;tsp/fri26.tsp;rk;1261
pso-rk;tsp/fri26.tsp;rk;1262
pso-rk;tsp/fri26.tsp;rk;1268
pso-rk;tsp/fri26.tsp;rk;1275
pso-rk;tsp/fri26.tsp;rk;1280
pso-rk;tsp/fri26.tsp;rk;1285
pso-rk;tsp/fri26.tsp;rk;1308
pso-rk;tsp/fri26.tsp;rk;1308
pso-rk;tsp/fri26.tsp;rk;1310
pso-rk;tsp/fri26.tsp;rk;1322
pso-rk;tsp/fri26.tsp;rk;1332
pso-rk;tsp/fri26.tsp;rk;1333
pso-rk;tsp/fri26.tsp;rk;1333
pso-rk;tsp/fri26.tsp;rk;1342
pso-rk;tsp/fri26.tsp;rk;1349
pso-rk;tsp/fri26.tsp;rk;1352
pso-rk;tsp/fri26.tsp;rk;1357
pso-rk;tsp/fri26.tsp;rk;1363
pso-rk;tsp/fri26.tsp;rk;1388
pso-rki;tsp/fri26.tsp;rk;1314
pso-rki;tsp/fri26.tsp;rk;1319
pso-rki;tsp/fri26.tsp;rk;1320
pso-rki;tsp/fri26.tsp;rk;1322
pso-rki;tsp/fri26.tsp;rk;1324
pso-rki;tsp/fri26.tsp;rk;1327
pso-rki;tsp/fri26.tsp;rk;1331
pso-rki;tsp/fri26.tsp;rk;1333
pso-rki;tsp/fri26.tsp;rk;1334
pso-rki;tsp/fri26.tsp;rk;1338
pso-rki;tsp/fri26.tsp;rk;1344
pso-rki;tsp/fri26.tsp;rk;1345
pso-rki;tsp/fri26.tsp;rk;1350
pso-rki;tsp/fri26.tsp;rk;1352
pso-rki;tsp/fri26.tsp;rk;1362
pso-rki;tsp/fri26.tsp;rk;1366
pso-rki;tsp/fri26.tsp;rk;1369
pso-rki;tsp/fri26.tsp;rk;1373
pso-rki;tsp/fri26.tsp;rk;1390
pso-rki;tsp/fri26.tsp;rk;1400
